-- Active: 1726172189649@@127.0.0.1@3306@proyectointegrador
USE ProyectoIntegrador;

-- Insert data into the Campus table
INSERT INTO Campus (Campus_id, Nombre) VALUES 
(1, 'Cumbaya'),
(2, 'Galapagos'),
(3, 'Estacion Tiputini');

-- Insertar los datos en la tabla Colegio
INSERT INTO Colegio (Colegio_id, Nombre, Abreviatura) VALUES
(1, 'Colegio de Administración de Empresas', 'CADE'),
(2, 'Colegio de Arquitectura y Diseño Interior', 'CADI'),
(3, 'Colegio de Ciencias Biológicas y Ambientales', 'COCIBA'),
(4, 'Colegio de Ciencias de la Salud', 'COCSA'),
(5, 'Colegio de Ciencias e Ingenierías', 'POLI'),
(6, 'Colegio de Ciencias Sociales y Humanidades', 'COCISOH'),
(7, 'Colegio de Comunicación y Artes Contemporáneas', 'COCOA'),
(8, 'Colegio de Economía', 'ECON'),
(9, 'Colegio de Hospitalidad, Arte Culinario y Turismo', 'CHAT'),
(10, 'Colegio de Jurisprudencia', 'JUR'),
(11, 'College of Music', 'COM');

INSERT INTO Dias (Dia_id, Abreviatura, Nombre) VALUES
(1, 'L', 'Lunes'),
(2, 'M', 'Martes'),
(3, 'I', 'Miércoles'),
(4, 'J', 'Jueves'),
(5, 'V', 'Viernes'),
(6, 'S', 'Sábado'),
(7, 'D', 'Domingo');

-- Insertar calificaciones en la tabla Notas
INSERT INTO Notas (Nota_id, Nota) VALUES
(1, 'A'),
(2, 'B'),
(3, 'C'),
(4, 'D'),
(5, 'F'),
(6, 'P');

-- Insertar datos en la tabla Semestre
INSERT INTO Semestre (Semestre_id, Nombre) VALUES
(1, 'Primer Semestre'),
(2, 'Segundo Semestre'),
(3, 'Tercer Semestre'),
(4, 'Cuarto Semestre'),
(5, 'Quinto Semestre'),
(6, 'Sexto Semestre'),
(7, 'Séptimo Semestre'),
(8, 'Octavo Semestre'),
(9, 'Noveno Semestre'),
(10, 'Décimo Semestre'),
(11, 'Undécimo Semestre'),
(12, 'Duodécimo Semestre');

-- Insertar edificios en la tabla Edificio
INSERT INTO Edificio (Edificio_id, Abreviatura, Nombre) VALUES
(1, 'MS', 'Miguel de Santiago'),
(2, 'A', 'Aristóteles'),
(3, 'S', 'Sócrates'),
(4, 'M', 'Mozart'),
(5, 'LZ', 'Lao Zi'),
(6, 'TM', 'Taller de metal'),
(7, 'H', 'Herbario'),
(8, 'CA', 'Coliseo Alexandros'),
(9, 'P', 'Pagoda'),
(10, 'G', 'Galileo'),
(11, 'N', 'Newton'),
(12, 'D', 'Darwin'),
(13, 'CB', 'Casa Blanca'),
(14, 'CT', 'La Casita Tomate'),
(15, 'CC', 'Casa Corona'),
(16, 'MX', 'Maxwell'),
(17, 'CO', 'Clínica Odontológica'),
(18, 'DV', 'Da Vinci'),
(19, 'C', 'Cicerón'),
(20, 'E', 'Einstein'),
(21, 'EE', 'Eugenio Espejo'),
(22, 'EP', 'Epicuro');

-- Insertar datos en la tabla Carrera
INSERT INTO Carrera (Carrera_id, Colegio_id, Abreviatura, Nombre) VALUES
(1, 1, 'ADM', 'Administracion de Empresas'),
(2, 1, 'ADG', 'Administracion de Empresas (Galapagos)'),
(3, 7, 'ANI', 'Animacion Digital'),
(4, 6, 'ANT', 'Antropologia'),
(5, 2, 'ARQ', 'Arquitectura'),
(6, 6, 'ARL', 'Artes Liberales'),
(7, 7, 'VIS', 'Artes Visuales'),
(8, 7, 'MOD', 'Artes Visuales: Diseno de modas'),
(9, 3, 'BIO', 'Biologia'),
(10, 3, 'BTC', 'Biotecnologia'),
(11, 6, 'POL', 'Ciencias Politicas'),
(12, 7, 'CIN', 'Cine'),
(13, 11, 'CMC', 'Composicion para Medios Contemporaneos'),
(14, 7, 'COM', 'Comunicacion'),
(15, 10, 'DER', 'Derecho'),
(16, 2, 'DIN', 'Diseno de Interiores'),
(17, 7, 'DMI', 'Diseno de Medios Interactivos'),
(18, 7, 'DGC', 'Diseno Grafico: Diseno Comunicacional'),
(19, 8, 'ECO', 'Economia'),
(20, 6, 'EDU', 'Educacion'),
(21, 11, 'EMC', 'Ejecucion de Musica Contemporanea'),
(22, 1, 'FIN', 'Finanzas'),
(23, 5, 'FIS', 'Fisica'),
(24, 9, 'GAS', 'Gastronomia'),
(25, 3, 'GAG', 'Gestion Ambiental (Galapagos)'),
(26, 9, 'HOT', 'Hospitalidad y Hoteleria'),
(27, 5, 'AMB', 'Ingenieria Ambiental'),
(28, 5, 'CIV', 'Ingenieria Civil'),
(29, 5, 'AGR', 'Ingenieria en Agronomia'),
(30, 5, 'ALI', 'Ingenieria en Alimentos'),
(31, 5, 'CMP', 'Ingenieria en Ciencias de la Computacion'),
(32, 5, 'ELE', 'Ingenieria en Electronica y Automatizacion'),
(33, 5, 'MAC', 'Ingenieria en Matematicas Aplicadas y Computacion'),
(34, 5, 'IIN', 'Ingenieria Industrial'),
(35, 5, 'MEC', 'Ingenieria Mecanica'),
(36, 5, 'QUI', 'Ingenieria Quimica'),
(37, 1, 'MKT', 'Marketing'),
(38, 5, 'MAT', 'Matematica'),
(39, 4, 'MED', 'Medicina'),
(40, 4, 'VET', 'Medicina Veterinaria'),
(41, 4, 'NUT', 'Nutricion y Dietetica'),
(42, 4, 'ODO', 'Odontologia'),
(43, 7, 'PER', 'Periodismo'),
(44, 11, 'PRM', 'Produccion Musical'),
(45, 6, 'PSI', 'Psicologia'),
(46, 6, 'PSC', 'Psicologia Clinica'),
(47, 7, 'PUB', 'Publicidad'),
(48, 6, 'RIN', 'Relaciones Internacionales'),
(49, 6, 'ESP', 'Escritura'),
(50, 6, 'ESL', 'Lenguas e Idiomas'),
(51, 6, 'PRC', 'Aprendizaje y Servicio PASEC'),
(52, 6, 'PAS', 'Practicas Pre-Profesionales PASEM'),
(53, 6, 'ING', 'Coloquios Ingenieria');

-- Insertar datos en la tabla Profesor
INSERT INTO profesor (profesor_id, Nombre, correo) VALUES
(1, 'Alberto Cardenas Ruales', 'acardenas1@usfq.edu.ec'),
(2, 'Alberto Sanchez', 'asanchez@usfq.edu.ec'),
(3, 'Aleksandr Novikov', 'anovikov@usfq.edu.ec'),
(4, 'Alessandro Veltri', 'aveltri@usfq.edu.ec'),
(5, 'Alexander Rafael Hearn', 'ahearn@usfq.edu.ec'),
(6, 'Alfredo Jose Jijon Chiriboga', 'ajijon@usfq.edu.ec'),
(7, 'Alfredo Valarezo Garces', 'avalarezo@usfq.edu.ec'),
(8, 'Alvaro Daniel Villacres Lopez', 'avillacresl@usfq.edu.ec'),
(9, 'Alvaro Hugo Aleman Salvador', 'aaleman@usfq.edu.ec'),
(10, 'Andres Caicedo', 'acaicedo@usfq.edu.ec'),
(11, 'Andres Esteban Leon-Reyes', 'aeleon@usfq.edu.ec'),
(12, 'Andres Martinez-Moscoso', 'amartinez@usfq.edu.ec'),
(13, 'Andres Torres Salvador', 'atorres@usfq.edu.ec'),
(14, 'Angus Lyall', 'alyall@usfq.edu.ec'),
(15, 'Antonio Di Teodoro', 'nditeodoro@usfq.edu.ec'),
(16, 'Antonio Leon', 'aleon@usfq.edu.ec'),
(17, 'Bernardo Gutierrez', 'bgutierrezg@usfq.edu.ec'),
(18, 'Byron Toledo', 'btoledog@usfq.edu.ec'),
(19, 'Carlos A. Valle', 'cvalle@usfq.edu.ec'),
(20, 'Carlos Antonio Marin Vasconez', 'cmarin@usfq.edu.ec'),
(21, 'Carlos Barba', 'cbarbao@usfq.edu.ec'),
(22, 'Carlos Dominik Echeverria Kossak', 'cecheverria@usfq.edu.ec'),
(23, 'Carlos Fernando Mena Mena', 'cmena@usfq.edu.ec'),
(24, 'Carlos Jose Jimenez Mosquera', 'cjimenez@usfq.edu.ec'),
(25, 'Carlos Miquel Zurita', 'cmiquel@usfq.edu.ec'),
(26, 'Carlos Ramiro Espinosa Fernandez de Cordova', 'cespinosaf@usfq.edu.ec'),
(27, 'Carlos Suarez', 'csuarez@usfq.edu.ec'),
(28, 'Cesar Zambrano', 'czambrano@usfq.edu.ec'),
(29, 'Christian Rafael Parreno Roldan', 'cparrenor@usfq.edu.ec'),
(30, 'Christopher Wells Minster', 'cminster@usfq.edu.ec'),
(31, 'Damian Ramia Yepez', 'dramia@usfq.edu.ec'),
(32, 'Daniel Bustillos Costales', 'dbustillosc@usfq.edu.ec'),
(33, 'Daniel Fellig Goldvechmiedt', 'dfellig@usfq.edu.ec'),
(34, 'Daniel Ricardo Garzon Chavez', 'dgarzonc@usfq.edu.ec'),
(35, 'Daniel Riofrio', 'driofrioa@usfq.edu.ec'),
(36, 'Daniel Toledo', 'dtoledo@usfq.edu.ec'),
(37, 'Dario Niebieskikwiat', 'dniebieskikwiat@usfq.edu.ec'),
(38, 'Darwin Homero Simbana Lincango', 'dhsimbana@usfq.edu.ec'),
(39, 'David Alexis Egas Proano', 'degas@usfq.edu.ec'),
(40, 'David Fernando Hervas Ortega', 'dhervas@usfq.edu.ec'),
(41, 'David Roberto Escudero Guevara', 'descudero@usfq.edu.ec'),
(42, 'Dennis Cazar Ramirez', 'dcazar@usfq.edu.ec'),
(43, 'Diego Benitez', 'dbenitez@usfq.edu.ec'),
(44, 'Diego Bernardo Davalos Grijalva', 'bdavalos@usfq.edu.ec'),
(45, 'Diego Patricio Gangotena Gonzalez', 'dgangotena@usfq.edu.ec'),
(46, 'Diego Patricio Oleas Serrano', 'doleas@usfq.edu.ec'),
(47, 'Diego Quiroga Ferri', 'dquiroga@usfq.edu.ec'),
(48, 'Diego Rodolfo Paez-Rosas', 'dpaez@usfq.edu.ec'),
(49, 'Edgar Carrera Jarrin', 'ecarrera@usfq.edu.ec'),
(50, 'Edison Ivan Cevallos Miranda', 'eicevallosm@usfq.edu.ec'),
(51, 'Eduardo Alba', 'ealba@usfq.edu.ec'),
(52, 'Eduardo Javier Holguin Weber', 'eholguin@usfq.edu.ec'),
(53, 'Edwin Javier Contreras Escalona', 'econtrerase@usfq.edu.ec'),
(54, 'Elkin Alexis Hidrobo Portilla', 'ahidrobo@usfq.edu.ec'),
(55, 'Emiliano Gil Blanco', 'egilb@usfq.edu.ec'),
(56, 'Eric Samson', 'esamson@usfq.edu.ec'),
(57, 'Ernesto Andres Quintana Vasconez', 'equintana@usfq.edu.ec'),
(58, 'Ernesto Contreras', 'econtreras@usfq.edu.ec'),
(59, 'Ernesto Medina Dagger', 'emedina@usfq.edu.ec'),
(60, 'Esteban Suarez Robalino', 'esuarez@usfq.edu.ec'),
(61, 'Fabian Mauricio Alberto Luzuriaga del Castillo', 'mluzuriaga@usfq.edu.ec'),
(62, 'Farith Simon Campana', 'fsimon@usfq.edu.ec'),
(63, 'Fausto Vinicio Pasmay Ramos', 'fpasmay@usfq.edu.ec'),
(64, 'Felipe Jose Palacios Sierra', 'fjpalacios@usfq.edu.ec'),
(65, 'Fernando Astudillo', 'fjastudillo@usfq.edu.ec'),
(66, 'Fernando Ortega Perez', 'fortega@usfq.edu.ec'),
(67, 'Fernando Torres Jaramillo', 'ftorresj@usfq.edu.ec'),
(68, 'Florencio Delgado', 'fdelgado@usfq.edu.ec'),
(69, 'Francisco Carvajal Larenas', 'fcarvajal@usfq.edu.ec'),
(70, 'Francisco Javier Lara Marrero', 'flara@usfq.edu.ec'),
(71, 'Frank Alexis', 'falexis@usfq.edu.ec'),
(72, 'Fredy R. Grefa', 'fgrefaa@usfq.edu.ec'),
(73, 'Fuad Francisco Teran Misle', 'fteran@usfq.edu.ec'),
(74, 'Gabriel Andrade Pazmino', 'gandradep@usfq.edu.ec'),
(75, 'Gabriel Antonio Trueba Piedrahita', 'gtrueba@usfq.edu.ec'),
(76, 'Gabriel Ferreyra', 'gferreyra@usfq.edu.ec'),
(77, 'Gabriel Ignacio Montufar Gangotena', 'gmontufar@usfq.edu.ec'),
(78, 'Giovanni Rosania', 'grosania@usfq.edu.ec'),
(79, 'Gonzalo Rivas-Torres', 'grivast@usfq.edu.ec'),
(80, 'Guillermo Eduardo Hernandez Bustos', 'ghernandez@usfq.edu.ec'),
(81, 'Gustavo Cusot', 'gcusot@usfq.edu.ec'),
(82, 'Gustavo Fierro Carrion', 'gfierroc@usfq.edu.ec'),
(83, 'Hernan Patricio Calderon Carvallo', 'hcalderon@usfq.edu.ec'),
(84, 'Howard Ira Taikeff Sorkin', 'htaikeff@usfq.edu.ec'),
(85, 'Hugo Alberto Valdebenito Milling', 'hvaldebenito@usfq.edu.ec'),
(86, 'Hugo Burgos Yanez', 'hburgos@usfq.edu.ec'),
(87, 'Hugo Cahuenas Munoz', 'hcahuenas@usfq.edu.ec'),
(88, 'I-Li Huang Hsu', 'ihuang@usfq.edu.ec'),
(89, 'Israel Eduardo Cevallos Vasconez', 'icevallosv@usfq.edu.ec'),
(90, 'Ivan Enrique Hidrobo Cueva', 'ehidrobo@usfq.edu.ec'),
(91, 'Ivan Patricio Burbano Riofrio', 'iburbano@usfq.edu.ec'),
(92, 'Ivan Tomas Palacios Leon', 'tpalacios@usfq.edu.ec'),
(93, 'Jaime Alfredo Costales Penaherrera', 'jcostales@usfq.edu.ec'),
(94, 'Jaime Eduardo Lopez Andrade', 'jlopez@usfq.edu.ec'),
(95, 'Jaime Francisco Guerra Montalvo', 'jguerra@usfq.edu.ec'),
(96, 'Jaime Oswaldo Patricio Guevara Aguirre', 'jguevara@usfq.edu.ec'),
(97, 'Jaime Vintimilla Saldana', 'jvintimilla@usfq.edu.ec'),
(98, 'Javier Roberto Arano', 'jaranof@usfq.edu.ec'),
(99, 'Jesus Enrique Estevez Monagas', 'jestevez@usfq.edu.ec'),
(100, 'Jhonnie Francisco Xavier Diaz Franco', 'fdiaz@usfq.edu.ec'),
(101, 'John Alejandro Dunn Insua', 'jdunn@usfq.edu.ec'),
(102, 'John Robert Skukalek', 'jskukalek@usfq.edu.ec'),
(103, 'Jonathan Raymond Guillemot', 'jrguillemot@usfq.edu.ec'),
(104, 'Jorge Augusto Maldonado Gangotena', 'amaldonado@usfq.edu.ec'),
(105, 'Jorge Bolivar Silva Hidalgo', 'jsilva@usfq.edu.ec'),
(106, 'Jorge David Balladares Pesantes', 'jballadares@usfq.edu.ec'),
(107, 'Jorge Garcia', 'jgarcia@usfq.edu.ec'),
(108, 'Jorge Gomez Tejada', 'jgomezt@usfq.edu.ec'),
(109, 'Jorge Guillermo Cepeda Andrade', 'gcepeda@usfq.edu.ec'),
(110, 'Jorge Luis Mora Hernandez', 'jmora@usfq.edu.ec'),
(111, 'Jorge Ricardo Flores Moyano', 'rflores@usfq.edu.ec'),
(112, 'Jose David Larrea Luna', 'jdlarrea@usfq.edu.ec'),
(113, 'Jose Francisco Alvarez Barreto', 'jalvarezb@usfq.edu.ec'),
(114, 'Jose Julio Cisneros Merino', 'jcisneros@usfq.edu.ec'),
(115, 'Jose Miguel Alvarez Suarez', 'jalvarez@usfq.edu.ec'),
(116, 'Jose Miguel Mantilla Salgado', 'jmantilla@usfq.edu.ec'),
(117, 'Jose Moreno Amores', 'jmoreno@usfq.edu.ec'),
(118, 'Jose Ramon Mora', 'jrmora@usfq.edu.ec'),
(119, 'Joseph Houlberg Silva', 'jhoulberg@usfq.edu.ec'),
(120, 'Juan Carlos Collantes Vela', 'jcollantes@usfq.edu.ec'),
(121, 'Juan Carlos Prado Rodriguez', 'jprado@usfq.edu.ec'),
(122, 'Juan Carlos Valdivieso', 'jcvaldivieso@usfq.edu.ec'),
(123, 'Juan Diego Fonseca Ashton', 'jfonseca@usfq.edu.ec'),
(124, 'Juan Elias Erazo Solines', 'jerazo@usfq.edu.ec'),
(125, 'Juan Jose Guadalupe Lopez', 'jguadalupe@usfq.edu.ec'),
(126, 'Juan Manuel Guayasamin Ernest', 'jmguayasamin@usfq.edu.ec'),
(127, 'Juan Pablo Aguilar Andrade', 'jaguilar@usfq.edu.ec'),
(128, 'Juan Pablo Munoz-Perez', 'jmunozp@usfq.edu.ec'),
(129, 'Juan Pablo Viteri', 'jviteri@usfq.edu.ec'),
(130, 'Juan Sebastian Proano Aviles', 'jsproano@usfq.edu.ec'),
(131, 'Julio Cesar Ibarra Fiallo', 'jibarra@usfq.edu.ec'),
(132, 'Julio Fernando Ortega Andrade', 'jortega@usfq.edu.ec'),
(133, 'Kelly Swing', 'kswing@usfq.edu.ec'),
(134, 'Leo Zurita Arthos', 'lzurita@usfq.edu.ec'),
(135, 'Luis Caiza', 'lcaiza@usfq.edu.ec'),
(136, 'Luis Enrique Wong Reyna', 'ewong@usfq.edu.ec'),
(137, 'Luis Miguel Procel Moya', 'lprocel@usfq.edu.ec'),
(138, 'Luis Parraguez Ruiz', 'lparraguez@usfq.edu.ec'),
(139, 'Luis Renato Leon Villalba', 'rleon@usfq.edu.ec'),
(140, 'Luis Rene Calderon Salmeron', 'lrcalderon@usfq.edu.ec'),
(141, 'Luis Ricardo Fernando Mantilla Anderson', 'lmantilla@usfq.edu.ec'),
(142, 'Luis Rincon', 'lrincon@usfq.edu.ec'),
(143, 'Luis Servando Espin Torres', 'lespin@usfq.edu.ec'),
(144, 'Manuel Esteban Utreras Zabala', 'eutreras@usfq.edu.ec'),
(145, 'Manuel Garcia Albornoz', 'mgarciaa@usfq.edu.ec'),
(146, 'Marcelino Garcia Sedano', 'mgarcias@usfq.edu.ec'),
(147, 'Marcelo Banderas Braga', 'mbanderas@usfq.edu.ec'),
(148, 'Marco Francisco Leon Dunia', 'mleond@usfq.edu.ec'),
(149, 'Marcos Di Stefano Ciabatella', 'mdistefanoc@usfq.edu.ec'),
(150, 'Marcos Fernando Gonzalez Gomez', 'mfgonzalez@usfq.edu.ec'),
(151, 'Mario Caviedes Cepeda', 'mcaviedes@usfq.edu.ec'),
(152, 'Mario Fernando Viteri Vela', 'mviteriv@usfq.edu.ec'),
(153, 'Martin Eduardo Villacis Pastor', 'evillacis@usfq.edu.ec'),
(154, 'Matthew King Dolloff', 'mkdolloff@usfq.edu.ec'),
(155, 'Mauricio Cepeda', 'mcepeda@usfq.edu.ec'),
(156, 'Mauricio David Ochoa Solis', 'mochoa@usfq.edu.ec'),
(157, 'Mauricio Maldonado Munoz', 'mmaldonadom@usfq.edu.ec'),
(158, 'Michael Douglas Hill', 'mhill@usfq.edu.ec'),
(159, 'Michele Jose Maria Ugazzi Betancourt', 'mugazzi@usfq.edu.ec'),
(160, 'Miguel Angel Mendez Silva', 'mmendez@usfq.edu.ec'),
(161, 'Monica Catalina Perez Vega', 'mcperez@usfq.edu.ec'),
(162, 'Nathan Todd Digby', 'ndigby@usfq.edu.ec'),
(163, 'Nelson Fernando Garcia Garcia', 'ngarciag@usfq.edu.ec'),
(164, 'Nelson Jose Maldonado Samaniego', 'nmaldonados@usfq.edu.ec'),
(165, 'Nelson Miranda', 'nmirandam@usfq.edu.ec'),
(166, 'Nicolas Castrillon Sarria', 'ncastrillon@usfq.edu.ec'),
(167, 'Noel Perez Perez', 'nperez@usfq.edu.ec'),
(168, 'Oliver James Carrick', 'ocarrick@usfq.edu.ec'),
(169, 'Omar Alejandro Aguirre Serrano', 'oaguirre@usfq.edu.ec'),
(170, 'Oscar Camacho', 'ocamacho@usfq.edu.ec'),
(171, 'Oswaldo Santos Davalos', 'osantos@usfq.edu.ec'),
(172, 'Pablo de la Cerda Perez', 'pdelacerda@usfq.edu.ec'),
(173, 'Pablo Francisco Endara Davila', 'pendara@usfq.edu.ec'),
(174, 'Pablo Hernan Davalos Muirragui', 'pdavalos@usfq.edu.ec'),
(175, 'Pablo Sebastian Burneo Arteaga', 'psburneo@usfq.edu.ec'),
(176, 'Paola Torres', 'ptorres@usfq.edu.ec'),
(177, 'Paolo Moncagatta', 'pmoncagatta@usfq.edu.ec'),
(178, 'Patricio Chiriboga', 'pchiriboga@usfq.edu.ec'),
(179, 'Patricio Rojas Silva', 'projas1@usfq.edu.ec'),
(180, 'Paul Cardenas', 'pacardenas@usfq.edu.ec'),
(181, 'Paul Rosero Contreras', 'proseroc@usfq.edu.ec'),
(182, 'Pedro Javier Moncayo Herrera', 'pmoncayo@usfq.edu.ec'),
(183, 'Pedro Jose Ducos Ruiz', 'pjducos@usfq.edu.ec'),
(184, 'Pedro Manuel Aponte', 'pmaponte@usfq.edu.ec'),
(185, 'Pedro Roberto Nunes da Silva', 'pnunes@usfq.edu.ec'),
(186, 'Pieter Van ''t Hof', 'pvanthof@usfq.edu.ec'),
(187, 'Rafael Soria', 'rsoriap@usfq.edu.ec'),
(188, 'Rafael Villota-Jetzer', 'rvillota@usfq.edu.ec'),
(189, 'Rene Patricio Jativa Espinoza', 'rjativa@usfq.edu.ec'),
(190, 'Rene Rolando Parra Narvaez', 'rrparra@usfq.edu.ec'),
(191, 'Rhys James Davies', 'rdavies@usfq.edu.ec'),
(192, 'Ricardo Andres Lopez Celi', 'ralopez@usfq.edu.ec'),
(193, 'Richard Dale West', 'rwest@usfq.edu.ec'),
(194, 'Roberto Burneo Calisto', 'rburneo@usfq.edu.ec'),
(195, 'Rodrigo Andres Munoz-Valencia', 'ramunoz@usfq.edu.ec'),
(196, 'Rodrigo Xavier Jaramillo Almeida', 'xjaramillo@usfq.edu.ec'),
(197, 'Salvatore Foti', 'sfoti@usfq.edu.ec'),
(198, 'Santiago Esteban Ruales  Bastidas', 'srualesb@usfq.edu.ec'),
(199, 'Santiago Javier Paladines Guerrero', 'spaladinesg@usfq.edu.ec'),
(200, 'Santiago Raul Castellanos Vallejo', 'scastellanos@usfq.edu.ec'),
(201, 'Sebastian Navas', 'snavasb@usfq.edu.ec'),
(202, 'Sebastian Ponce', 'sponce@usfq.edu.ec'),
(203, 'Simeon Floyd', 'sfloyd1@usfq.edu.ec'),
(204, 'Thomas Cadenbach', 'tcadenbach@usfq.edu.ec'),
(205, 'Tiago Bittencourt', 'tbittencourt@usfq.edu.ec'),
(206, 'Victor Herrera', 'vherrera@usfq.edu.ec'),
(207, 'Victor Raul Viteri Breedy', 'vviteri@usfq.edu.ec'),
(208, 'Victoria Alomia', 'valomia@usfq.edu.ec'),
(209, 'Vladimir Rodriguez Yarmushevskaya', 'vrodriguez@usfq.edu.ec'),
(210, 'Wilson Orellana', 'worellanam@usfq.edu.ec'),
(211, 'Xavier Andrade Castillo', 'xandrade@usfq.edu.ec'),
(212, 'Yovani Marrero-Ponce', 'ymarrero@usfq.edu.ec');

-- Insertar datos en la tabla Modalidad
INSERT INTO Modalidad (Modalidad_id, Nombre) VALUES
(1, 'Presencial'),
(2, 'Virtual Sincrónico'),
(3, 'Híbrido'),
(4, 'En Línea');

-- Insertar datos en la tabla Horario
INSERT INTO Horario (Horario_id, Hora) VALUES
(1, '07:00 - 08:20'),
(2, '08:30 - 09:50'),
(3, '10:00 - 11:20'),
(4, '11:30 - 12:50'),
(5, '13:00 - 14:20'),
(6, '14:30 -15:50'),
(7, '16:00 - 17:20'),
(8, '17:30 - 18:50'),
(9, '19:00 - 20:20'),
(10, '20:30 - 21:50');

INSERT INTO Subespecializacion (SubEsp_id, Colegio_id, Nombre) VALUES
(74, 7, "Danza - Artes Escenicas"),
(1, 7, "Fotografia"),
(2, 7, "Ilustracion y Arte Secuencial"),
(3, 7, "Teatro - Artes Escenicas"),
(4, 7, "Animacion Digital"),
(5, 7, "Arte Textil"),
(6, 7, "Arte y Tecnologia"),
(7, 7, "Artes Graficas"),
(8, 7, "Artes Visuales"),
(9, 7, "Cine"),
(10, 7, "Comunicacion Organizacional"),
(11, 7, "Desarrollo Web y Apps"),
(12, 7, "Diseno Comunicacional"),
(13, 7, "Diseno de Modas"),
(14, 7, "Periodismo"),
(15, 7, "Periodismo Deportivo"),
(16, 7, "Publicidad"),
(17, 7, "Videojuegos"),
(18, 1, "Analisis de Datos"),
(19, 1, "Emprendimiento"),
(20, 1, "Marketing Digital Global"),
(21, 6, "Antropologia"),
(22, 6, "Ciencia Politica"),
(23, 6, "Educacion"),
(24, 6, "Educacion Inclusiva"),
(25, 6, "Escritura Creativa"),
(26, 6, "Estudios de Genero"),
(27, 6, "Estudios Europeos"),
(28, 6, "Estudios Latinoamericanos"),
(29, 6, "Filosofia"),
(30, 6, "Historia"),
(31, 6, "Historia del Arte"),
(32, 6, "Ingles"),
(33, 6, "Lengua, Cultura y Comunicacion"),
(34, 6, "Literatura"),
(35, 6, "Psicologia"),
(36, 6, "Relaciones Internacionales"),
(37, 6, "Sociologia"),
(38, 11, "Arreglos y Composicion"),
(39, 11, "Ejecucion Instrumental o Vocal"),
(40, 11, "Industria Musical"),
(41, 11, "Musica Contemporanea"),
(42, 11, "Produccion de Audio"),
(43, 11, "Produccion Musical"),
(44, 3, "Biologia"),
(45, 3, "Biotecnologia"),
(46, 3, "Gestion Ambiental"),
(47, 3, "Microbiologia"),
(48, 10, "Conducta Criminal"),
(49, 10, "Derecho Ambiental, Sostenibilidad y Recursos Naturales"),
(50, 10, "Derecho Empresarial"),
(51, 10, "Derecho Penal"),
(52, 10, "Derechos Humanos"),
(53, 10, "Manejo de Conflictos, Negociacion, Mediacion y Arbitraje"),
(54, 8, "Economia"),
(55, 5, "Fisica"),
(56, 5, "Ingenieria Ambiental"),
(57, 5, "Ingenieria Electronica"),
(58, 5, "Ingenieria en Agronomia"),
(59, 5, "Ingenieria en Alimentos"),
(60, 5, "Ingenieria en Ciencias de la Computacion"),
(61, 5, "Ingenieria Industrial"),
(62, 5, "Ingenieria Mecanica"),
(63, 5, "Ingenieria Quimica"),
(64, 5, "Matematicas"),
(65, 5, "Quimica"),
(66, 6, "Gestion del Talento"),
(67, 9, "Gestion Deportiva y de Entretenimiento"),
(68, 9, "Hospitalidad y Hoteleria"),
(69, 9, "Turismo Sustentable"),
(70, 4, "Nutricion"),
(71, 9, "Organizacion de Eventos"),
(72, 2, "Subespecializacion en Diseno Ambiental"),
(73, 2, "Subespecializacion en Vivienda");

-- Insert mock data into the Estudiante table
INSERT INTO Estudiante (Estudiante_id, Nombres, Apellidos, Correo, Contraseña, Carrera_id, Semestre_id, SubEsp_id) VALUES
(00234481, 'Lucia', 'Vera', 'lucia.vera62@estud.usfq.edu.ec', 'passLuc*62', 15, 1, 53),
(00433451, 'Victoria', 'Jimenez', 'victoria.jimenez76@estud.usfq.edu.ec', 'passVic#76', 16, 1, NULL),
(00467432, 'Sandra', 'Herrera', 'sandra.herrera28@estud.usfq.edu.ec', 'passSan@28', 5, 1, 12),
(00477275, 'Ivan', 'Castillo', 'ivan.castillo99@estud.usfq.edu.ec', 'passIva#99', 30, 1, NULL),
(00699775, 'Matias', 'Serrano', 'matias.serrano87@estud.usfq.edu.ec', 'passMat#87', 13, 1, NULL),
(00935733, 'David', 'Vargas', 'david.vargas51@estud.usfq.edu.ec', 'passDav*51', 7, 1, NULL),
(00977921, 'Jorge', 'Gonzalez', 'jorge.gonzalez9@estud.usfq.edu.ec', 'JG_pass098', 3, 1, 5),
(00999675, 'Rosa', 'Carrillo', 'rosa.carrillo44@estud.usfq.edu.ec', 'passRos*44', 16, 1, NULL),
(00152784, 'Pedro', 'Sanchez', 'pedro.sanchez11@estud.usfq.edu.ec', 'PedR_pass987', 19, 2, NULL),
(00175841, 'Sofia', 'Rios', 'sofia.rios100@estud.usfq.edu.ec', 'passSof*100', 4, 2, 13),
(00237479, 'Gabriela', 'Cortes', 'gabriela.cortes52@estud.usfq.edu.ec', 'passGab#52', 5, 2, 15),
(00329156, 'Diego', 'Flores', 'diego.flores13@estud.usfq.edu.ec', 'D1e90FL!', 12, 2, 34),
(00487782, 'Manuel', 'Pena', 'manuel.pena35@estud.usfq.edu.ec', 'passMan*35', 20, 2, NULL),
(00541819, 'Mariana', 'Garcia', 'mariana.garcia72@estud.usfq.edu.ec', 'passMar@72', 4, 2, NULL),
(00543813, 'Enrique', 'Rivera', 'enrique.rivera91@estud.usfq.edu.ec', 'passEnr*91', 14, 2, NULL),
(00586231, 'Oscar', 'Reyes', 'oscar.reyes25@estud.usfq.edu.ec', 'passOsc#25', 1, 2, NULL),
(00658294, 'Carlos', 'Rueda', 'carlos.rueda55@estud.usfq.edu.ec', 'passCarl@55', 14, 2, NULL),
(00686248, 'Ricardo', 'Vargas', 'ricardo.vargas17@estud.usfq.edu.ec', 'R1card0_pass!', 3, 2, NULL),
(00693192, 'Hector', 'Silva', 'hector.silva23@estud.usfq.edu.ec', 'passHec*23', 9, 2, 15),
(00835627, 'Victor', 'Ortiz', 'victor.ortiz81@estud.usfq.edu.ec', 'passVic#81', 5, 2, NULL),
(00975618, 'Alicia', 'Paredes', 'alicia.paredes42@estud.usfq.edu.ec', 'passAli@42', 25, 2, NULL),
(00987774, 'Sofia', 'Rodriguez', 'sofia.rodriguez6@estud.usfq.edu.ec', 'Sof!aP@ss', 15, 2, NULL),
(00197271, 'Laura', 'Fernandez', 'laura.fernandez8@estud.usfq.edu.ec', 'LauF_pass#1', 22, 3, 9),
(00278172, 'Juan', 'Perez', 'juan.perez1@estud.usfq.edu.ec', 'pass1234', 12, 3, NULL),
(00293869, 'Fernanda', 'Barrera', 'fernanda.barrera54@estud.usfq.edu.ec', 'passFer#54', 10, 3, 27),
(00311782, 'Oscar', 'Leon', 'oscar.leon83@estud.usfq.edu.ec', 'passOsc@83', 7, 3, NULL),
(00367243, 'Isabel', 'Zambrano', 'isabel.zambrano78@estud.usfq.edu.ec', 'passIsa@78', 26, 3, NULL),
(00549721, 'Rafael', 'Guerrero', 'rafael.guerrero21@estud.usfq.edu.ec', 'passRaf*21', 17, 3, 42),
(00676914, 'Pedro', 'Avila', 'pedro.avila63@estud.usfq.edu.ec', 'passPed@63', 21, 3, NULL),
(00685727, 'Felipe', 'Serrano', 'felipe.serrano43@estud.usfq.edu.ec', 'passFel#43', 22, 3, 17),
(00819321, 'Valeria', 'Diaz', 'valeria.diaz70@estud.usfq.edu.ec', 'passVal#70', 13, 3, NULL),
(00866379, 'Daniela', 'Ramos', 'daniela.ramos38@estud.usfq.edu.ec', 'passDan*38', 12, 3, 29),
(00873282, 'Carla', 'Mendez', 'carla.mendez92@estud.usfq.edu.ec', 'passCar@92', 3, 3, 17),
(00143759, 'Veronica', 'Cruz', 'veronica.cruz34@estud.usfq.edu.ec', 'passVer#34', 7, 4, NULL),
(00199589, 'Andres', 'Castro', 'andres.castro65@estud.usfq.edu.ec', 'passAnd*65', 23, 4, 22),
(00335334, 'Luis', 'Santos', 'luis.santos53@estud.usfq.edu.ec', 'passLuis*53', 12, 4, NULL),
(00392551, 'Guillermo', 'Pinto', 'guillermo.pinto75@estud.usfq.edu.ec', 'passGui@75', 22, 4, 19),
(00561727, 'Maria', 'Gomez', 'maria.gomez2@estud.usfq.edu.ec', 'pass321!', 15, 4, 7),
(00565796, 'Valeria', 'Rivera', 'valeria.rivera14@estud.usfq.edu.ec', 'ValR_pass*21', 8, 4, NULL),
(00568993, 'Sofia', 'Montalvo', 'sofia.montalvo60@estud.usfq.edu.ec', 'passSof@60', 18, 4, 32),
(00641614, 'Lorena', 'Carrillo', 'lorena.carrillo96@estud.usfq.edu.ec', 'passLor#96', 17, 4, 47),
(00682259, 'Raúl', 'Espinoza', 'raul.espinoza47@estud.usfq.edu.ec', 'passRau*47', 3, 4, 71),
(00732413, 'Patricia', 'Jimenez', 'patricia.jimenez26@estud.usfq.edu.ec', 'passPat@26', 27, 4, NULL),
(00913246, 'Carlos', 'Lopez', 'carlos.lopez3@estud.usfq.edu.ec', 'carL0z456', 1, 4, 22),
(00957113, 'Roberto', 'Ibarra', 'roberto.ibarra31@estud.usfq.edu.ec', 'passRob#31', 13, 4, 20),
(00991289, 'Adriana', 'Correa', 'adriana.correa88@estud.usfq.edu.ec', 'passAdr*88', 9, 4, 29),
(00262672, 'Beatriz', 'Fuentes', 'beatriz.fuentes50@estud.usfq.edu.ec', 'passBea*50', 28, 5, NULL),
(00278516, 'Alberto', 'Solis', 'alberto.solis95@estud.usfq.edu.ec', 'passAlb@95', 1, 5, NULL),
(00284575, 'Elena', 'Salinas', 'elena.salinas56@estud.usfq.edu.ec', 'passElen*56', 19, 5, 34),
(00333997, 'Ricardo', 'Lopez', 'ricardo.lopez67@estud.usfq.edu.ec', 'passRic#67', 20, 5, 44),
(00411821, 'Alina', 'Rivas', 'alina.rivas86@estud.usfq.edu.ec', 'passAli@86', 6, 5, 22),
(00413142, 'Lucia', 'Torres', 'lucia.torres12@estud.usfq.edu.ec', 'Luc1a@pw', 9, 5, NULL),
(00444451, 'Isabel', 'Rojas', 'isabel.rojas20@estud.usfq.edu.ec', 'IsaP@ss321', 10, 5, NULL),
(00458982, 'Esteban', 'Benitez', 'esteban.benitez79@estud.usfq.edu.ec', 'passEst#79', 30, 5, 13),
(00569714, 'Natalia', 'Molina', 'natalia.molina22@estud.usfq.edu.ec', 'passNat#22', 10, 5, NULL),
(00572838, 'Diana', 'Vazquez', 'diana.vazquez74@estud.usfq.edu.ec', 'passDia*74', 17, 5, NULL),
(00672593, 'Angela', 'Campos', 'angela.campos32@estud.usfq.edu.ec', 'passAng*32', 18, 5, NULL),
(00156767, 'Felicia', 'Ortega', 'felicia.ortega68@estud.usfq.edu.ec', 'passFel*68', 28, 6, NULL),
(00398116, 'Carmen', 'Guzman', 'carmen.guzman40@estud.usfq.edu.ec', 'passCar#40', 15, 6, NULL),
(00534162, 'Monica', 'Romero', 'monica.romero24@estud.usfq.edu.ec', 'passMon@24', 3, 6, 53),
(00611753, 'Eduardo', 'Soto', 'eduardo.soto33@estud.usfq.edu.ec', 'passEdu@33', 23, 6, 47),
(00655937, 'Eduardo', 'Villalobos', 'eduardo.villalobos97@estud.usfq.edu.ec', 'passEdu*97', 23, 6, NULL),
(00677265, 'Mario', 'León', 'mario.leon49@estud.usfq.edu.ec', 'passMar#49', 9, 6, 23),
(00745233, 'Ana', 'Martinez', 'ana.martinez4@estud.usfq.edu.ec', 'Ana123pass', 6, 6, NULL),
(00751837, 'Andres', 'Ortiz', 'andres.ortiz15@estud.usfq.edu.ec', 'And_Ort56', 14, 6, 25),
(00777152, 'Rodrigo', 'Ramos', 'rodrigo.ramos73@estud.usfq.edu.ec', 'passRod#73', 24, 6, 37),
(00822363, 'Bianca', 'Fernandez', 'bianca.fernandez90@estud.usfq.edu.ec', 'passBia#90', 12, 6, 34),
(00837448, 'Ignacio', 'Padilla', 'ignacio.padilla59@estud.usfq.edu.ec', 'passIgn*59', 9, 6, 11),
(00955876, 'Paola', 'Flores', 'paola.flores82@estud.usfq.edu.ec', 'passPao*82', 11, 6, 19),
(00133745, 'Pablo', 'Mora', 'pablo.mora69@estud.usfq.edu.ec', 'passPab@69', 8, 7, 12),
(00213666, 'Samuel', 'Cardenas', 'samuel.cardenas77@estud.usfq.edu.ec', 'passSam*77', 2, 7, 25),
(00316987, 'Carolina', 'Aguilar', 'carolina.aguilar36@estud.usfq.edu.ec', 'passCar@36', 4, 7, 54),
(00457697, 'Camila', 'Nuñez', 'camila.nunez84@estud.usfq.edu.ec', 'passCam#84', 8, 7, 15),
(00695453, 'Luis', 'Garcia', 'luis.garcia5@estud.usfq.edu.ec', 'Lg_pass4321', 18, 7, 12),
(00713193, 'Teresa', 'Navarro', 'teresa.navarro46@estud.usfq.edu.ec', 'passTer#46', 2, 7, 11),
(00883899, 'Clara', 'Morales', 'clara.morales64@estud.usfq.edu.ec', 'passCla#64', 27, 7, 16),
(00924753, 'Alvaro', 'Mejia', 'alvaro.mejia57@estud.usfq.edu.ec', 'passAlv@57', 1, 7, 47),
(00963454, 'Miguel', 'Peralta', 'miguel.peralta61@estud.usfq.edu.ec', 'passMig#61', 3, 7, NULL),
(00965921, 'Monica', 'Peña', 'monica.pena94@estud.usfq.edu.ec', 'passMon*94', 22, 7, 11),
(00996597, 'Alberto', 'Ruiz', 'alberto.ruiz27@estud.usfq.edu.ec', 'passAlb*27', 14, 7, 61),
(00252272, 'Laura', 'Bermudez', 'laura.bermudez58@estud.usfq.edu.ec', 'passLau#58', 6, 8, NULL),
(00375744, 'Javier', 'Salazar', 'javier.salazar37@estud.usfq.edu.ec', 'passJav#37', 6, 8, NULL),
(00544377, 'Paula', 'Morales', 'paula.morales16@estud.usfq.edu.ec', 'Paul!aPass_09', 1, 8, 18),
(00616165, 'Ernesto', 'Lara', 'ernesto.lara71@estud.usfq.edu.ec', 'passErn*71', 25, 8, 29),
(00625418, 'Santiago', 'Brito', 'santiago.brito89@estud.usfq.edu.ec', 'passSan@89', 18, 8, NULL),
(00625998, 'Francisco', 'Medina', 'francisco.medina29@estud.usfq.edu.ec', 'passFra*29', 19, 8, NULL),
(00635555, 'Silvia', 'Mendoza', 'silvia.mendoza48@estud.usfq.edu.ec', 'passSil@48', 26, 8, NULL),
(00779297, 'Juliana', 'Pacheco', 'juliana.pacheco80@estud.usfq.edu.ec', 'passJul*80', 29, 8, NULL),
(00928146, 'Teresa', 'Valencia', 'teresa.valencia98@estud.usfq.edu.ec', 'passTer@98', 20, 8, 25),
(00118999, 'Jose', 'Muñoz', 'jose.munoz41@estud.usfq.edu.ec', 'passJos*41', 21, 9, 36),
(00332982, 'Miguel', 'Hernandez', 'miguel.hernandez7@estud.usfq.edu.ec', 'Miguel321!', 5, 9, 35),
(00333497, 'Javier', 'Guzman', 'javier.guzman93@estud.usfq.edu.ec', 'passJav#93', 27, 9, NULL),
(00334565, 'Gustavo', 'Ríos', 'gustavo.rios45@estud.usfq.edu.ec', 'passGus@45', 24, 9, 39),
(00365624, 'Claudia', 'Vega', 'claudia.vega30@estud.usfq.edu.ec', 'passClau@30', 8, 9, 31),
(00499535, 'Daniel', 'Salazar', 'daniel.salazar85@estud.usfq.edu.ec', 'passDan*85', 10, 9, NULL),
(00627212, 'Ana', 'Suarez', 'ana.suarez66@estud.usfq.edu.ec', 'passAna@66', 11, 9, NULL),
(00712317, 'Fernando', 'Mendez', 'fernando.mendez19@estud.usfq.edu.ec', 'fMenD456_pass', 4, 9, 7),
(00834838, 'Gabriela', 'Castro', 'gabriela.castro18@estud.usfq.edu.ec', 'Gab_C123#', 4, 9, 44),
(00519666, 'Elena', 'Ramirez', 'elena.ramirez10@estud.usfq.edu.ec', 'EleR!pass', 2, 10, NULL),
(00528672, 'Victor', 'Chavez', 'victor.chavez39@estud.usfq.edu.ec', 'passVic@39', 11, 10, 68);


-- Insertar datos en la tabla Categoria
INSERT INTO Categoria (Categoria_id, Nombre) VALUES
(1, 'Ciencias Exactas'),
(2, 'Ciencias Sociales'),
(3, 'Ciencias Naturales'),
(4, 'Ingenierías'),
(5, 'Artes'),
(6, 'Humanidades'),
(7, 'Salud'),
(8, 'Negocios'),
(9, 'Gastronomía'),
(10, 'Derecho'),
(11, 'Deportes'),
(12, 'Ingles'),
(13, 'Colegio General'),
(14, 'Lenguas');

INSERT INTO Asignatura (Asignatura_id, Nombre, Descripcion, Carrera_id, Categoria_id, Nota_id, Numero, Creditos, Grupo_Prerequisito_id) 
VALUES
#Malla Computacion
(1, 'Escritura Academica', '', 49, 13, 3, 1001, 3, NULL),
(2, 'Taller de Ing. Cs. Computación', '', 31, 4, 3, '1001', 3, NULL),
(3, 'Cálculo Diferencial + Ej', '', 38, 1, 3, '1201', 3, NULL),
(4, 'Química General 1 +Lab/Ej', '', 36, 4, 3, '1003', 3, NULL),
(5, 'Cosmos', '', 6, 13, 3, '1002', 3, NULL),
(6, 'Inglés Nivel 1', '', 50, 14, 3, '0001', 0, NULL),
(7, 'Inglés Nivel 2', '', 50, 14, 3, '0002', 0, NULL),
(8, 'Programación en C++ +Ej', '', 31, 4, 3, '1101', 3, NULL),
(9, 'Cálculo Integral + Ej', '', 38, 1, 3, '1202', 3, NULL),
(10, 'Autoconocimiento', '', 6, 13, 3, '1001', 3, NULL),
(11, 'Ser y Cosmos', '', 6, 13, 3, '2001', 3, NULL),
(12, 'Inglés Nivel 3', '', 50, 14, 6, '0003', 0, NULL),
(13, 'Inglés Nivel 4', '', 50, 14, 6, '0004', 0, NULL),
(14, 'Programación Avanzada en C++', '', 31, 4, 3, '2102', 3, NULL),
(15, 'Matemáticas Discretas', '', 38, 1, 3, '2004', 3, NULL),
(16, 'Introducción a la Economía', '', 19, 2, 3, '1001', 3, NULL),
(17, 'Física para Ingeniería 1 +Lab/Ej', '', 23, 1, 3, '2701', 3, NULL),
(18, 'Cálculo Vectorial', '', 38, 1, 3, '2203', 3, NULL),
(19, 'Inglés Nivel 5', '', 50, 14, 6, '0005', 0, NULL),
(20, 'Inglés Nivel 6', '', 50, 14, 6, '0006', 0, NULL),
(21, 'Programación de Apps', '', 31, 4, 3, '2103', 3, NULL),
(22, 'Álgebra Lineal 1 +Ej', '', 38, 1, 3, '1401', 3, NULL),
(23, 'Física para Ingeniería 2 +Lab/Ej', '', 23, 1, 3, '2702', 3, NULL),
(24, 'Aprendizaje y Servicio PASEC', '', 51, 13, 3, '2000', 3, NULL),
(25, 'Cultura Gastronómica', '', 24, 9, 6, '0010', 1, NULL),
(26, 'Electrónica Básica +Lab', '', 32, 4, 3, '2001', 3, NULL),
(27, 'Estructuras de Datos', '', 31, 4, 3, '3002', 3, NULL),
(28, 'Probabilidad y Estadística +Ej', '', 38, 1, 3, '2008', 3, NULL),
(29, 'Teoría de la Computación', '', 31, 4, 3, '3005', 3, NULL),
(31, 'Programación Avanzada de Apps', '', 31, 4, 3, '3104', 3, NULL),
(32, 'Organización de Computadores', '', 31, 4, 3, '3004', 3, NULL),
(33, 'Emprendimiento', '', 1, 2, 3, '3002', 3, NULL),
(34, 'Diseño de Sistemas', '', 31, 4, 3, '3003', 3, NULL),
(35, 'Inteligencia Artificial', '', 31, 4, 3, '4004', 3, NULL),
(36, 'Base de Datos', '', 31, 4, 3, '4002', 3, NULL),
(37, 'Aprendizaje Automático', '', 31, 4, 3, '4002', 3, NULL),
(38, 'Redes +Lab', '', 31, 4, 3, '4005', 3, NULL),
(39, 'Sistemas Operativos', '', 31, 4, 3, '4003', 3, NULL),
(40, 'Proyectos: Gerencia y Análisis', '', 34, 4, 3, '4011', 3, NULL),
(41, 'Práctica Pre-Profesional PASEM', '', 52, 13, 6, '4000', 5, NULL),
(42, 'Coloquios', '', 53, 4, 6, '0001', 1, NULL),
(43, 'Seguridad Informática', '', 31, 4, 3, '5006', 3, NULL),
(44, 'Minería de Datos', '', 31, 4, 3, '5002', 3, NULL),
(45, 'Aplicaciones Distribuidas', '', 31, 4, 3, '5001', 3, NULL),
(46, 'Proyecto Integrador CMP', '', 31, 4, 3, '5992', 5, NULL);
