-- Active: 1726172189649@@127.0.0.1@3306@proyectointegrador
USE ProyectoIntegrador;

-- Insert data into the Campus table
INSERT INTO Campus (Campus_id, Nombre) VALUES 
    (1, 'Cumbaya'),
    (2, 'Galapagos'),
    (3, 'Estacion Tiputini');

-- Insertar los datos en la tabla Colegio
INSERT INTO Colegio (Colegio_id, Nombre, Abreviatura) VALUES
    (1, 'Colegio de Administración de Empresas', 'CADE'),
    (2, 'Colegio de Arquitectura y Diseño Interior', 'CADI'),
    (3, 'Colegio de Ciencias Biológicas y Ambientales', 'COCIBA'),
    (4, 'Colegio de Ciencias de la Salud', 'COCSA'),
    (5, 'Colegio de Ciencias e Ingenierías', 'POLI'),
    (6, 'Colegio de Ciencias Sociales y Humanidades', 'COCISOH'),
    (7, 'Colegio de Comunicación y Artes Contemporáneas', 'COCOA'),
    (8, 'Colegio de Economía', 'ECON'),
    (9, 'Colegio de Hospitalidad, Arte Culinario y Turismo', 'CHAT'),
    (10, 'Colegio de Jurisprudencia', 'JUR'),
    (11, 'College of Music', 'COM');

INSERT INTO Dias (Dia_id, Abreviatura, Nombre) VALUES
    (1, 'L', 'Lunes'),
    (2, 'M', 'Martes'),
    (3, 'I', 'Miércoles'),
    (4, 'J', 'Jueves'),
    (5, 'V', 'Viernes'),
    (6, 'S', 'Sábado'),
    (7, 'D', 'Domingo');

-- Insertar calificaciones en la tabla Notas
INSERT INTO Notas (Nota_id, Nota) VALUES
    (1, 'A'),
    (2, 'B'),
    (3, 'C'),
    (4, 'D'),
    (5, 'F'),
    (6, 'P');

-- Insertar datos en la tabla Semestre
INSERT INTO Semestre (Semestre_id, Nombre) VALUES
    (1, 'Primer Semestre'),
    (2, 'Segundo Semestre'),
    (3, 'Tercer Semestre'),
    (4, 'Cuarto Semestre'),
    (5, 'Quinto Semestre'),
    (6, 'Sexto Semestre'),
    (7, 'Séptimo Semestre'),
    (8, 'Octavo Semestre'),
    (9, 'Noveno Semestre'),
    (10, 'Décimo Semestre'),
    (11, 'Undécimo Semestre'),
    (12, 'Duodécimo Semestre');

-- Insertar edificios en la tabla Edificio
INSERT INTO Edificio (Edificio_id, Abreviatura, Nombre) VALUES
    (1, 'MS', 'Miguel de Santiago'),
    (2, 'A', 'Aristóteles'),
    (3, 'S', 'Sócrates'),
    (4, 'M', 'Mozart'),
    (5, 'LZ', 'Lao Zi'),
    (6, 'TM', 'Taller de metal'),
    (7, 'H', 'Herbario'),
    (8, 'CA', 'Coliseo Alexandros'),
    (9, 'P', 'Pagoda'),
    (10, 'G', 'Galileo'),
    (11, 'N', 'Newton'),
    (12, 'D', 'Darwin'),
    (13, 'CB', 'Casa Blanca'),
    (14, 'CT', 'La Casita Tomate'),
    (15, 'CC', 'Casa Corona'),
    (16, 'MX', 'Maxwell'),
    (17, 'CO', 'Clínica Odontológica'),
    (18, 'DV', 'Da Vinci'),
    (19, 'C', 'Cicerón'),
    (20, 'E', 'Einstein'),
    (21, 'EE', 'Eugenio Espejo'),
    (22, 'EP', 'Epicuro');

-- Insertar datos en la tabla Carrera
INSERT INTO Carrera (Carrera_id, Colegio_id, Abreviatura, Nombre) VALUES
    (1, 1, 'ADM', 'Administracion de Empresas'),
    (2, 1, 'ADG', 'Administracion de Empresas (Galapagos)'),
    (3, 7, 'AND', 'Animacion Digital'),
    (4, 6, 'ANT', 'Antropologia'),
    (5, 2, 'ARQ', 'Arquitectura'),
    (6, 6, 'ARL', 'Artes Liberales'),
    (7, 7, 'ART', 'Artes Visuales'),
    (8, 7, 'MOD', 'Artes Visuales: Diseno de modas'),
    (9, 3, 'BIO', 'Biologia'),
    (10, 3, 'BTC', 'Biotecnologia'),
    (11, 6, 'POL', 'Ciencias Politicas'),
    (12, 7, 'CIN', 'Cine'),
    (13, 11, 'CMC', 'Composicion para Medios Contemporaneos'),
    (14, 7, 'COM', 'Comunicacion'),
    (15, 10, 'DER', 'Derecho'),
    (16, 2, 'DIN', 'Diseno de Interiores'),
    (17, 7, 'DIM', 'Diseno de Medios Interactivos'),
    (18, 7, 'DIC', 'Diseno Grafico: Diseno Comunicacional'),
    (19, 8, 'ECN', 'Economia'),
    (20, 6, 'EDU', 'Educacion'),
    (21, 11, 'EMC', 'Ejecucion de Musica Contemporanea'),
    (22, 1, 'FIN', 'Finanzas'),
    (23, 5, 'FIS', 'Fisica'),
    (24, 9, 'GST', 'Gastronomia'),
    (25, 3, 'GAG', 'Gestion Ambiental (Galapagos)'),
    (26, 9, 'HSP', 'Hospitalidad y Hoteleria'),
    (27, 5, 'AMB', 'Ingenieria Ambiental'),
    (28, 5, 'CIV', 'Ingenieria Civil'),
    (29, 5, 'AGR', 'Ingenieria en Agronomia'),
    (30, 5, 'ALI', 'Ingenieria en Alimentos'),
    (31, 5, 'CMP', 'Ingenieria en Ciencias de la Computacion'),
    (32, 5, 'ELE', 'Ingenieria en Electronica y Automatizacion'),
    (33, 5, 'MAC', 'Ingenieria en Matematicas Aplicadas y Computacion'),
    (34, 5, 'IIN', 'Ingenieria Industrial'),
    (35, 5, 'MEC', 'Ingenieria Mecanica'),
    (36, 5, 'QUI', 'Ingenieria Quimica'),
    (37, 1, 'MAK', 'Marketing'),
    (38, 5, 'MAT', 'Matematica'),
    (39, 4, 'MED', 'Medicina'),
    (40, 4, 'VET', 'Medicina Veterinaria'),
    (41, 4, 'NUT', 'Nutricion y Dietetica'),
    (42, 4, 'ODO', 'Odontologia'),
    (43, 7, 'PER', 'Periodismo'),
    (44, 11, 'PRM', 'Produccion Musical'),
    (45, 6, 'PSI', 'Psicologia'),
    (46, 6, 'PSC', 'Psicologia Clinica'),
    (47, 7, 'PUB', 'Publicidad'),
    (48, 6, 'RIN', 'Relaciones Internacionales'),
    (49, 6, 'ESP', 'Escritura'),
    (50, 6, 'ESL', 'Lenguas e Idiomas'),
    (51, 6, 'PRC', 'Aprendizaje y Servicio PASEC'),
    (52, 6, 'PAS', 'Practicas Pre-Profesionales PASEM'),
    (53, 6, 'ING', 'Coloquios Ingenieria'),
    (54, 1, 'SEG', 'Seguridad'),
    (55, 7, 'FOT', 'Fotografia'),
    (56, 7, 'CCO', 'Colegio de Comunicaion y Artes'),
    (57, 7, 'DAN', 'Danza');

-- Insertar datos en la tabla Profesor
INSERT INTO profesor (profesor_id, Nombre, correo) VALUES
    (1, 'Alberto Cardenas Ruales', 'acardenas1@usfq.edu.ec'),
    (2, 'Alberto Sanchez', 'asanchez@usfq.edu.ec'),
    (3, 'Aleksandr Novikov', 'anovikov@usfq.edu.ec'),
    (4, 'Alessandro Veltri', 'aveltri@usfq.edu.ec'),
    (5, 'Alexander Rafael Hearn', 'ahearn@usfq.edu.ec'),
    (6, 'Alfredo Jose Jijon Chiriboga', 'ajijon@usfq.edu.ec'),
    (7, 'Alfredo Valarezo Garces', 'avalarezo@usfq.edu.ec'),
    (8, 'Alvaro Daniel Villacres Lopez', 'avillacresl@usfq.edu.ec'),
    (9, 'Alvaro Hugo Aleman Salvador', 'aaleman@usfq.edu.ec'),
    (10, 'Andres Caicedo', 'acaicedo@usfq.edu.ec'),
    (11, 'Andres Esteban Leon-Reyes', 'aeleon@usfq.edu.ec'),
    (12, 'Andres Martinez-Moscoso', 'amartinez@usfq.edu.ec'),
    (13, 'Andres Torres Salvador', 'atorres@usfq.edu.ec'),
    (14, 'Angus Lyall', 'alyall@usfq.edu.ec'),
    (15, 'Antonio Di Teodoro', 'nditeodoro@usfq.edu.ec'),
    (16, 'Antonio Leon', 'aleon@usfq.edu.ec'),
    (17, 'Bernardo Gutierrez', 'bgutierrezg@usfq.edu.ec'),
    (18, 'Byron Toledo', 'btoledog@usfq.edu.ec'),
    (19, 'Carlos A. Valle', 'cvalle@usfq.edu.ec'),
    (20, 'Carlos Antonio Marin Vasconez', 'cmarin@usfq.edu.ec'),
    (21, 'Carlos Barba', 'cbarbao@usfq.edu.ec'),
    (22, 'Carlos Dominik Echeverria Kossak', 'cecheverria@usfq.edu.ec'),
    (23, 'Carlos Fernando Mena Mena', 'cmena@usfq.edu.ec'),
    (24, 'Carlos Jose Jimenez Mosquera', 'cjimenez@usfq.edu.ec'),
    (25, 'Carlos Miquel Zurita', 'cmiquel@usfq.edu.ec'),
    (26, 'Carlos Ramiro Espinosa Fernandez de Cordova', 'cespinosaf@usfq.edu.ec'),
    (27, 'Carlos Suarez', 'csuarez@usfq.edu.ec'),
    (28, 'Cesar Zambrano', 'czambrano@usfq.edu.ec'),
    (29, 'Christian Rafael Parreno Roldan', 'cparrenor@usfq.edu.ec'),
    (30, 'Christopher Wells Minster', 'cminster@usfq.edu.ec'),
    (31, 'Damian Ramia Yepez', 'dramia@usfq.edu.ec'),
    (32, 'Daniel Bustillos Costales', 'dbustillosc@usfq.edu.ec'),
    (33, 'Daniel Fellig Goldvechmiedt', 'dfellig@usfq.edu.ec'),
    (34, 'Daniel Ricardo Garzon Chavez', 'dgarzonc@usfq.edu.ec'),
    (35, 'Daniel Riofrio', 'driofrioa@usfq.edu.ec'),
    (36, 'Daniel Toledo', 'dtoledo@usfq.edu.ec'),
    (37, 'Dario Niebieskikwiat', 'dniebieskikwiat@usfq.edu.ec'),
    (38, 'Darwin Homero Simbana Lincango', 'dhsimbana@usfq.edu.ec'),
    (39, 'David Alexis Egas Proano', 'degas@usfq.edu.ec'),
    (40, 'David Fernando Hervas Ortega', 'dhervas@usfq.edu.ec'),
    (41, 'David Roberto Escudero Guevara', 'descudero@usfq.edu.ec'),
    (42, 'Dennis Cazar Ramirez', 'dcazar@usfq.edu.ec'),
    (43, 'Diego Benitez', 'dbenitez@usfq.edu.ec'),
    (44, 'Diego Bernardo Davalos Grijalva', 'bdavalos@usfq.edu.ec'),
    (45, 'Diego Patricio Gangotena Gonzalez', 'dgangotena@usfq.edu.ec'),
    (46, 'Diego Patricio Oleas Serrano', 'doleas@usfq.edu.ec'),
    (47, 'Diego Quiroga Ferri', 'dquiroga@usfq.edu.ec'),
    (48, 'Diego Rodolfo Paez-Rosas', 'dpaez@usfq.edu.ec'),
    (49, 'Edgar Carrera Jarrin', 'ecarrera@usfq.edu.ec'),
    (50, 'Edison Ivan Cevallos Miranda', 'eicevallosm@usfq.edu.ec'),
    (51, 'Eduardo Alba', 'ealba@usfq.edu.ec'),
    (52, 'Eduardo Javier Holguin Weber', 'eholguin@usfq.edu.ec'),
    (53, 'Edwin Javier Contreras Escalona', 'econtrerase@usfq.edu.ec'),
    (54, 'Elkin Alexis Hidrobo Portilla', 'ahidrobo@usfq.edu.ec'),
    (55, 'Emiliano Gil Blanco', 'egilb@usfq.edu.ec'),
    (56, 'Eric Samson', 'esamson@usfq.edu.ec'),
    (57, 'Ernesto Andres Quintana Vasconez', 'equintana@usfq.edu.ec'),
    (58, 'Ernesto Contreras', 'econtreras@usfq.edu.ec'),
    (59, 'Ernesto Medina Dagger', 'emedina@usfq.edu.ec'),
    (60, 'Esteban Suarez Robalino', 'esuarez@usfq.edu.ec'),
    (61, 'Fabian Mauricio Alberto Luzuriaga del Castillo', 'mluzuriaga@usfq.edu.ec'),
    (62, 'Farith Simon Campana', 'fsimon@usfq.edu.ec'),
    (63, 'Fausto Vinicio Pasmay Ramos', 'fpasmay@usfq.edu.ec'),
    (64, 'Felipe Jose Palacios Sierra', 'fjpalacios@usfq.edu.ec'),
    (65, 'Fernando Astudillo', 'fjastudillo@usfq.edu.ec'),
    (66, 'Fernando Ortega Perez', 'fortega@usfq.edu.ec'),
    (67, 'Fernando Torres Jaramillo', 'ftorresj@usfq.edu.ec'),
    (68, 'Florencio Delgado', 'fdelgado@usfq.edu.ec'),
    (69, 'Francisco Carvajal Larenas', 'fcarvajal@usfq.edu.ec'),
    (70, 'Francisco Javier Lara Marrero', 'flara@usfq.edu.ec'),
    (71, 'Frank Alexis', 'falexis@usfq.edu.ec'),
    (72, 'Fredy R. Grefa', 'fgrefaa@usfq.edu.ec'),
    (73, 'Fuad Francisco Teran Misle', 'fteran@usfq.edu.ec'),
    (74, 'Gabriel Andrade Pazmino', 'gandradep@usfq.edu.ec'),
    (75, 'Gabriel Antonio Trueba Piedrahita', 'gtrueba@usfq.edu.ec'),
    (76, 'Gabriel Ferreyra', 'gferreyra@usfq.edu.ec'),
    (77, 'Gabriel Ignacio Montufar Gangotena', 'gmontufar@usfq.edu.ec'),
    (78, 'Giovanni Rosania', 'grosania@usfq.edu.ec'),
    (79, 'Gonzalo Rivas-Torres', 'grivast@usfq.edu.ec'),
    (80, 'Guillermo Eduardo Hernandez Bustos', 'ghernandez@usfq.edu.ec'),
    (81, 'Gustavo Cusot', 'gcusot@usfq.edu.ec'),
    (82, 'Gustavo Fierro Carrion', 'gfierroc@usfq.edu.ec'),
    (83, 'Hernan Patricio Calderon Carvallo', 'hcalderon@usfq.edu.ec'),
    (84, 'Howard Ira Taikeff Sorkin', 'htaikeff@usfq.edu.ec'),
    (85, 'Hugo Alberto Valdebenito Milling', 'hvaldebenito@usfq.edu.ec'),
    (86, 'Hugo Burgos Yanez', 'hburgos@usfq.edu.ec'),
    (87, 'Hugo Cahuenas Munoz', 'hcahuenas@usfq.edu.ec'),
    (88, 'I-Li Huang Hsu', 'ihuang@usfq.edu.ec'),
    (89, 'Israel Eduardo Cevallos Vasconez', 'icevallosv@usfq.edu.ec'),
    (90, 'Ivan Enrique Hidrobo Cueva', 'ehidrobo@usfq.edu.ec'),
    (91, 'Ivan Patricio Burbano Riofrio', 'iburbano@usfq.edu.ec'),
    (92, 'Ivan Tomas Palacios Leon', 'tpalacios@usfq.edu.ec'),
    (93, 'Jaime Alfredo Costales Penaherrera', 'jcostales@usfq.edu.ec'),
    (94, 'Jaime Eduardo Lopez Andrade', 'jlopez@usfq.edu.ec'),
    (95, 'Jaime Francisco Guerra Montalvo', 'jguerra@usfq.edu.ec'),
    (96, 'Jaime Oswaldo Patricio Guevara Aguirre', 'jguevara@usfq.edu.ec'),
    (97, 'Jaime Vintimilla Saldana', 'jvintimilla@usfq.edu.ec'),
    (98, 'Javier Roberto Arano', 'jaranof@usfq.edu.ec'),
    (99, 'Jesus Enrique Estevez Monagas', 'jestevez@usfq.edu.ec'),
    (100, 'Jhonnie Francisco Xavier Diaz Franco', 'fdiaz@usfq.edu.ec'),
    (101, 'John Alejandro Dunn Insua', 'jdunn@usfq.edu.ec'),
    (102, 'John Robert Skukalek', 'jskukalek@usfq.edu.ec'),
    (103, 'Jonathan Raymond Guillemot', 'jrguillemot@usfq.edu.ec'),
    (104, 'Jorge Augusto Maldonado Gangotena', 'amaldonado@usfq.edu.ec'),
    (105, 'Jorge Bolivar Silva Hidalgo', 'jsilva@usfq.edu.ec'),
    (106, 'Jorge David Balladares Pesantes', 'jballadares@usfq.edu.ec'),
    (107, 'Jorge Garcia', 'jgarcia@usfq.edu.ec'),
    (108, 'Jorge Gomez Tejada', 'jgomezt@usfq.edu.ec'),
    (109, 'Jorge Guillermo Cepeda Andrade', 'gcepeda@usfq.edu.ec'),
    (110, 'Jorge Luis Mora Hernandez', 'jmora@usfq.edu.ec'),
    (111, 'Jorge Ricardo Flores Moyano', 'rflores@usfq.edu.ec'),
    (112, 'Jose David Larrea Luna', 'jdlarrea@usfq.edu.ec'),
    (113, 'Jose Francisco Alvarez Barreto', 'jalvarezb@usfq.edu.ec'),
    (114, 'Jose Julio Cisneros Merino', 'jcisneros@usfq.edu.ec'),
    (115, 'Jose Miguel Alvarez Suarez', 'jalvarez@usfq.edu.ec'),
    (116, 'Jose Miguel Mantilla Salgado', 'jmantilla@usfq.edu.ec'),
    (117, 'Jose Moreno Amores', 'jmoreno@usfq.edu.ec'),
    (118, 'Jose Ramon Mora', 'jrmora@usfq.edu.ec'),
    (119, 'Joseph Houlberg Silva', 'jhoulberg@usfq.edu.ec'),
    (120, 'Juan Carlos Collantes Vela', 'jcollantes@usfq.edu.ec'),
    (121, 'Juan Carlos Prado Rodriguez', 'jprado@usfq.edu.ec'),
    (122, 'Juan Carlos Valdivieso', 'jcvaldivieso@usfq.edu.ec'),
    (123, 'Juan Diego Fonseca Ashton', 'jfonseca@usfq.edu.ec'),
    (124, 'Juan Elias Erazo Solines', 'jerazo@usfq.edu.ec'),
    (125, 'Juan Jose Guadalupe Lopez', 'jguadalupe@usfq.edu.ec'),
    (126, 'Juan Manuel Guayasamin Ernest', 'jmguayasamin@usfq.edu.ec'),
    (127, 'Juan Pablo Aguilar Andrade', 'jaguilar@usfq.edu.ec'),
    (128, 'Juan Pablo Munoz-Perez', 'jmunozp@usfq.edu.ec'),
    (129, 'Juan Pablo Viteri', 'jviteri@usfq.edu.ec'),
    (130, 'Juan Sebastian Proano Aviles', 'jsproano@usfq.edu.ec'),
    (131, 'Julio Cesar Ibarra Fiallo', 'jibarra@usfq.edu.ec'),
    (132, 'Julio Fernando Ortega Andrade', 'jortega@usfq.edu.ec'),
    (133, 'Kelly Swing', 'kswing@usfq.edu.ec'),
    (134, 'Leo Zurita Arthos', 'lzurita@usfq.edu.ec'),
    (135, 'Luis Caiza', 'lcaiza@usfq.edu.ec'),
    (136, 'Luis Enrique Wong Reyna', 'ewong@usfq.edu.ec'),
    (137, 'Luis Miguel Procel Moya', 'lprocel@usfq.edu.ec'),
    (138, 'Luis Parraguez Ruiz', 'lparraguez@usfq.edu.ec'),
    (139, 'Luis Renato Leon Villalba', 'rleon@usfq.edu.ec'),
    (140, 'Luis Rene Calderon Salmeron', 'lrcalderon@usfq.edu.ec'),
    (141, 'Luis Ricardo Fernando Mantilla Anderson', 'lmantilla@usfq.edu.ec'),
    (142, 'Luis Rincon', 'lrincon@usfq.edu.ec'),
    (143, 'Luis Servando Espin Torres', 'lespin@usfq.edu.ec'),
    (144, 'Manuel Esteban Utreras Zabala', 'eutreras@usfq.edu.ec'),
    (145, 'Manuel Garcia Albornoz', 'mgarciaa@usfq.edu.ec'),
    (146, 'Marcelino Garcia Sedano', 'mgarcias@usfq.edu.ec'),
    (147, 'Marcelo Banderas Braga', 'mbanderas@usfq.edu.ec'),
    (148, 'Marco Francisco Leon Dunia', 'mleond@usfq.edu.ec'),
    (149, 'Marcos Di Stefano Ciabatella', 'mdistefanoc@usfq.edu.ec'),
    (150, 'Marcos Fernando Gonzalez Gomez', 'mfgonzalez@usfq.edu.ec'),
    (151, 'Mario Caviedes Cepeda', 'mcaviedes@usfq.edu.ec'),
    (152, 'Mario Fernando Viteri Vela', 'mviteriv@usfq.edu.ec'),
    (153, 'Martin Eduardo Villacis Pastor', 'evillacis@usfq.edu.ec'),
    (154, 'Matthew King Dolloff', 'mkdolloff@usfq.edu.ec'),
    (155, 'Mauricio Cepeda', 'mcepeda@usfq.edu.ec'),
    (156, 'Mauricio David Ochoa Solis', 'mochoa@usfq.edu.ec'),
    (157, 'Mauricio Maldonado Munoz', 'mmaldonadom@usfq.edu.ec'),
    (158, 'Michael Douglas Hill', 'mhill@usfq.edu.ec'),
    (159, 'Michele Jose Maria Ugazzi Betancourt', 'mugazzi@usfq.edu.ec'),
    (160, 'Miguel Angel Mendez Silva', 'mmendez@usfq.edu.ec'),
    (161, 'Monica Catalina Perez Vega', 'mcperez@usfq.edu.ec'),
    (162, 'Nathan Todd Digby', 'ndigby@usfq.edu.ec'),
    (163, 'Nelson Fernando Garcia Garcia', 'ngarciag@usfq.edu.ec'),
    (164, 'Nelson Jose Maldonado Samaniego', 'nmaldonados@usfq.edu.ec'),
    (165, 'Nelson Miranda', 'nmirandam@usfq.edu.ec'),
    (166, 'Nicolas Castrillon Sarria', 'ncastrillon@usfq.edu.ec'),
    (167, 'Noel Perez Perez', 'nperez@usfq.edu.ec'),
    (168, 'Oliver James Carrick', 'ocarrick@usfq.edu.ec'),
    (169, 'Omar Alejandro Aguirre Serrano', 'oaguirre@usfq.edu.ec'),
    (170, 'Oscar Camacho', 'ocamacho@usfq.edu.ec'),
    (171, 'Oswaldo Santos Davalos', 'osantos@usfq.edu.ec'),
    (172, 'Pablo de la Cerda Perez', 'pdelacerda@usfq.edu.ec'),
    (173, 'Pablo Francisco Endara Davila', 'pendara@usfq.edu.ec'),
    (174, 'Pablo Hernan Davalos Muirragui', 'pdavalos@usfq.edu.ec'),
    (175, 'Pablo Sebastian Burneo Arteaga', 'psburneo@usfq.edu.ec'),
    (176, 'Paola Torres', 'ptorres@usfq.edu.ec'),
    (177, 'Paolo Moncagatta', 'pmoncagatta@usfq.edu.ec'),
    (178, 'Patricio Chiriboga', 'pchiriboga@usfq.edu.ec'),
    (179, 'Patricio Rojas Silva', 'projas1@usfq.edu.ec'),
    (180, 'Paul Cardenas', 'pacardenas@usfq.edu.ec'),
    (181, 'Paul Rosero Contreras', 'proseroc@usfq.edu.ec'),
    (182, 'Pedro Javier Moncayo Herrera', 'pmoncayo@usfq.edu.ec'),
    (183, 'Pedro Jose Ducos Ruiz', 'pjducos@usfq.edu.ec'),
    (184, 'Pedro Manuel Aponte', 'pmaponte@usfq.edu.ec'),
    (185, 'Pedro Roberto Nunes da Silva', 'pnunes@usfq.edu.ec'),
    (186, 'Pieter Van ''t Hof', 'pvanthof@usfq.edu.ec'),
    (187, 'Rafael Soria', 'rsoriap@usfq.edu.ec'),
    (188, 'Rafael Villota-Jetzer', 'rvillota@usfq.edu.ec'),
    (189, 'Rene Patricio Jativa Espinoza', 'rjativa@usfq.edu.ec'),
    (190, 'Rene Rolando Parra Narvaez', 'rrparra@usfq.edu.ec'),
    (191, 'Rhys James Davies', 'rdavies@usfq.edu.ec'),
    (192, 'Ricardo Andres Lopez Celi', 'ralopez@usfq.edu.ec'),
    (193, 'Richard Dale West', 'rwest@usfq.edu.ec'),
    (194, 'Roberto Burneo Calisto', 'rburneo@usfq.edu.ec'),
    (195, 'Rodrigo Andres Munoz-Valencia', 'ramunoz@usfq.edu.ec'),
    (196, 'Rodrigo Xavier Jaramillo Almeida', 'xjaramillo@usfq.edu.ec'),
    (197, 'Salvatore Foti', 'sfoti@usfq.edu.ec'),
    (198, 'Santiago Esteban Ruales  Bastidas', 'srualesb@usfq.edu.ec'),
    (199, 'Santiago Javier Paladines Guerrero', 'spaladinesg@usfq.edu.ec'),
    (200, 'Santiago Raul Castellanos Vallejo', 'scastellanos@usfq.edu.ec'),
    (201, 'Sebastian Navas', 'snavasb@usfq.edu.ec'),
    (202, 'Sebastian Ponce', 'sponce@usfq.edu.ec'),
    (203, 'Simeon Floyd', 'sfloyd1@usfq.edu.ec'),
    (204, 'Thomas Cadenbach', 'tcadenbach@usfq.edu.ec'),
    (205, 'Tiago Bittencourt', 'tbittencourt@usfq.edu.ec'),
    (206, 'Victor Herrera', 'vherrera@usfq.edu.ec'),
    (207, 'Victor Raul Viteri Breedy', 'vviteri@usfq.edu.ec'),
    (208, 'Victoria Alomia', 'valomia@usfq.edu.ec'),
    (209, 'Vladimir Rodriguez Yarmushevskaya', 'vrodriguez@usfq.edu.ec'),
    (210, 'Wilson Orellana', 'worellanam@usfq.edu.ec'),
    (211, 'Xavier Andrade Castillo', 'xandrade@usfq.edu.ec'),
    (212, 'Yovani Marrero-Ponce', 'ymarrero@usfq.edu.ec');

-- Insertar datos en la tabla Modalidad
INSERT INTO Modalidad (Modalidad_id, Nombre) VALUES
    (1, 'Presencial'),
    (2, 'Virtual Sincrónico'),
    (3, 'Híbrido'),
    (4, 'En Línea');

-- Insertar datos en la tabla Horario
INSERT INTO Horario (Horario_id, Hora) VALUES
    (1, '07:00 - 08:20'),
    (2, '08:30 - 09:50'),
    (3, '10:00 - 11:20'),
    (4, '11:30 - 12:50'),
    (5, '13:00 - 14:20'),
    (6, '14:30 -15:50'),
    (7, '16:00 - 17:20'),
    (8, '17:30 - 18:50'),
    (9, '19:00 - 20:20'),
    (10, '20:30 - 21:50');

INSERT INTO Subespecializacion (SubEsp_id, Colegio_id, Nombre) VALUES
    (74, 7, "Danza - Artes Escenicas"),
    (1, 7, "Fotografia"),
    (2, 7, "Ilustracion y Arte Secuencial"),
    (3, 7, "Teatro - Artes Escenicas"),
    (4, 7, "Animacion Digital"),
    (5, 7, "Arte Textil"),
    (6, 7, "Arte y Tecnologia"),
    (7, 7, "Artes Graficas"),
    (8, 7, "Artes Visuales"),
    (9, 7, "Cine"),
    (10, 7, "Comunicacion Organizacional"),
    (11, 7, "Desarrollo Web y Apps"),
    (12, 7, "Diseno Comunicacional"),
    (13, 7, "Diseno de Modas"),
    (14, 7, "Periodismo"),
    (15, 7, "Periodismo Deportivo"),
    (16, 7, "Publicidad"),
    (17, 7, "Videojuegos"),
    (18, 1, "Analisis de Datos"),
    (19, 1, "Emprendimiento"),
    (20, 1, "Marketing Digital Global"),
    (21, 6, "Antropologia"),
    (22, 6, "Ciencia Politica"),
    (23, 6, "Educacion"),
    (24, 6, "Educacion Inclusiva"),
    (25, 6, "Escritura Creativa"),
    (26, 6, "Estudios de Genero"),
    (27, 6, "Estudios Europeos"),
    (28, 6, "Estudios Latinoamericanos"),
    (29, 6, "Filosofia"),
    (30, 6, "Historia"),
    (31, 6, "Historia del Arte"),
    (32, 6, "Ingles"),
    (33, 6, "Lengua, Cultura y Comunicacion"),
    (34, 6, "Literatura"),
    (35, 6, "Psicologia"),
    (36, 6, "Relaciones Internacionales"),
    (37, 6, "Sociologia"),
    (38, 11, "Arreglos y Composicion"),
    (39, 11, "Ejecucion Instrumental o Vocal"),
    (40, 11, "Industria Musical"),
    (41, 11, "Musica Contemporanea"),
    (42, 11, "Produccion de Audio"),
    (43, 11, "Produccion Musical"),
    (44, 3, "Biologia"),
    (45, 3, "Biotecnologia"),
    (46, 3, "Gestion Ambiental"),
    (47, 3, "Microbiologia"),
    (48, 10, "Conducta Criminal"),
    (49, 10, "Derecho Ambiental, Sostenibilidad y Recursos Naturales"),
    (50, 10, "Derecho Empresarial"),
    (51, 10, "Derecho Penal"),
    (52, 10, "Derechos Humanos"),
    (53, 10, "Manejo de Conflictos, Negociacion, Mediacion y Arbitraje"),
    (54, 8, "Economia"),
    (55, 5, "Fisica"),
    (56, 5, "Ingenieria Ambiental"),
    (57, 5, "Ingenieria Electronica"),
    (58, 5, "Ingenieria en Agronomia"),
    (59, 5, "Ingenieria en Alimentos"),
    (60, 5, "Ingenieria en Ciencias de la Computacion"),
    (61, 5, "Ingenieria Industrial"),
    (62, 5, "Ingenieria Mecanica"),
    (63, 5, "Ingenieria Quimica"),
    (64, 5, "Matematicas"),
    (65, 5, "Quimica"),
    (66, 6, "Gestion del Talento"),
    (67, 9, "Gestion Deportiva y de Entretenimiento"),
    (68, 9, "Hospitalidad y Hoteleria"),
    (69, 9, "Turismo Sustentable"),
    (70, 4, "Nutricion"),
    (71, 9, "Organizacion de Eventos"),
    (72, 2, "Subespecializacion en Diseno Ambiental"),
    (73, 2, "Subespecializacion en Vivienda");

-- Insert mock data into the Estudiante table
INSERT INTO Estudiante (Estudiante_id, Nombres, Apellidos, Correo, Contraseña, Carrera_id, Semestre_id, SubEsp_id) VALUES
    (00234481, 'Lucia', 'Vera', 'lucia.vera62@estud.usfq.edu.ec', 'passLuc*62', 15, 1, 53),
    (00433451, 'Victoria', 'Jimenez', 'victoria.jimenez76@estud.usfq.edu.ec', 'passVic#76', 16, 1, NULL),
    (00467432, 'Sandra', 'Herrera', 'sandra.herrera28@estud.usfq.edu.ec', 'passSan@28', 5, 1, 12),
    (00477275, 'Ivan', 'Castillo', 'ivan.castillo99@estud.usfq.edu.ec', 'passIva#99', 30, 1, NULL),
    (00699775, 'Matias', 'Serrano', 'matias.serrano87@estud.usfq.edu.ec', 'passMat#87', 13, 1, NULL),
    (00935733, 'David', 'Vargas', 'david.vargas51@estud.usfq.edu.ec', 'passDav*51', 7, 1, NULL),
    (00977921, 'Jorge', 'Gonzalez', 'jorge.gonzalez9@estud.usfq.edu.ec', 'JG_pass098', 3, 1, 5),
    (00999675, 'Rosa', 'Carrillo', 'rosa.carrillo44@estud.usfq.edu.ec', 'passRos*44', 16, 1, NULL),
    (00152784, 'Pedro', 'Sanchez', 'pedro.sanchez11@estud.usfq.edu.ec', 'PedR_pass987', 19, 2, NULL),
    (00175841, 'Sofia', 'Rios', 'sofia.rios100@estud.usfq.edu.ec', 'passSof*100', 4, 2, 13),
    (00237479, 'Gabriela', 'Cortes', 'gabriela.cortes52@estud.usfq.edu.ec', 'passGab#52', 5, 2, 15),
    (00329156, 'Diego', 'Flores', 'diego.flores13@estud.usfq.edu.ec', 'D1e90FL!', 12, 2, 34),
    (00487782, 'Manuel', 'Pena', 'manuel.pena35@estud.usfq.edu.ec', 'passMan*35', 20, 2, NULL),
    (00541819, 'Mariana', 'Garcia', 'mariana.garcia72@estud.usfq.edu.ec', 'passMar@72', 4, 2, NULL),
    (00543813, 'Enrique', 'Rivera', 'enrique.rivera91@estud.usfq.edu.ec', 'passEnr*91', 14, 2, NULL),
    (00586231, 'Oscar', 'Reyes', 'oscar.reyes25@estud.usfq.edu.ec', 'passOsc#25', 1, 2, NULL),
    (00658294, 'Carlos', 'Rueda', 'carlos.rueda55@estud.usfq.edu.ec', 'passCarl@55', 14, 2, NULL),
    (00686248, 'Ricardo', 'Vargas', 'ricardo.vargas17@estud.usfq.edu.ec', 'R1card0_pass!', 3, 2, NULL),
    (00693192, 'Hector', 'Silva', 'hector.silva23@estud.usfq.edu.ec', 'passHec*23', 9, 2, 15),
    (00835627, 'Victor', 'Ortiz', 'victor.ortiz81@estud.usfq.edu.ec', 'passVic#81', 5, 2, NULL),
    (00975618, 'Alicia', 'Paredes', 'alicia.paredes42@estud.usfq.edu.ec', 'passAli@42', 25, 2, NULL),
    (00987774, 'Sofia', 'Rodriguez', 'sofia.rodriguez6@estud.usfq.edu.ec', 'Sof!aP@ss', 15, 2, NULL),
    (00197271, 'Laura', 'Fernandez', 'laura.fernandez8@estud.usfq.edu.ec', 'LauF_pass#1', 22, 3, 9),
    (00278172, 'Juan', 'Perez', 'juan.perez1@estud.usfq.edu.ec', 'pass1234', 12, 3, NULL),
    (00293869, 'Fernanda', 'Barrera', 'fernanda.barrera54@estud.usfq.edu.ec', 'passFer#54', 10, 3, 27),
    (00311782, 'Oscar', 'Leon', 'oscar.leon83@estud.usfq.edu.ec', 'passOsc@83', 7, 5, NULL),
    (00367243, 'Isabel', 'Zambrano', 'isabel.zambrano78@estud.usfq.edu.ec', 'passIsa@78', 26, 3, NULL),
    (00549721, 'Rafael', 'Guerrero', 'rafael.guerrero21@estud.usfq.edu.ec', 'passRaf*21', 17, 3, 42),
    (00676914, 'Pedro', 'Avila', 'pedro.avila63@estud.usfq.edu.ec', 'passPed@63', 21, 3, NULL),
    (00685727, 'Felipe', 'Serrano', 'felipe.serrano43@estud.usfq.edu.ec', 'passFel#43', 22, 3, 17),
    (00819321, 'Valeria', 'Diaz', 'valeria.diaz70@estud.usfq.edu.ec', 'passVal#70', 13, 3, NULL),
    (00866379, 'Daniela', 'Ramos', 'daniela.ramos38@estud.usfq.edu.ec', 'passDan*38', 12, 3, 29),
    (00873282, 'Carla', 'Mendez', 'carla.mendez92@estud.usfq.edu.ec', 'passCar@92', 3, 3, 17),
    (00143759, 'Veronica', 'Cruz', 'veronica.cruz34@estud.usfq.edu.ec', 'passVer#34', 7, 4, 74),
    (00199589, 'Andres', 'Castro', 'andres.castro65@estud.usfq.edu.ec', 'passAnd*65', 23, 4, 22),
    (00335334, 'Luis', 'Santos', 'luis.santos53@estud.usfq.edu.ec', 'passLuis*53', 12, 4, NULL),
    (00392551, 'Guillermo', 'Pinto', 'guillermo.pinto75@estud.usfq.edu.ec', 'passGui@75', 22, 4, 19),
    (00561727, 'Maria', 'Gomez', 'maria.gomez2@estud.usfq.edu.ec', 'pass321!', 15, 4, 7),
    (00565796, 'Valeria', 'Rivera', 'valeria.rivera14@estud.usfq.edu.ec', 'ValR_pass*21', 8, 4, NULL),
    (00568993, 'Sofia', 'Montalvo', 'sofia.montalvo60@estud.usfq.edu.ec', 'passSof@60', 18, 4, 32),
    (00641614, 'Lorena', 'Carrillo', 'lorena.carrillo96@estud.usfq.edu.ec', 'passLor#96', 17, 4, 47),
    (00682259, 'Raúl', 'Espinoza', 'raul.espinoza47@estud.usfq.edu.ec', 'passRau*47', 3, 4, 71),
    (00732413, 'Patricia', 'Jimenez', 'patricia.jimenez26@estud.usfq.edu.ec', 'passPat@26', 27, 4, NULL),
    (00913246, 'Carlos', 'Lopez', 'carlos.lopez3@estud.usfq.edu.ec', 'carL0z456', 1, 4, 22),
    (00957113, 'Roberto', 'Ibarra', 'roberto.ibarra31@estud.usfq.edu.ec', 'passRob#31', 13, 4, 20),
    (00991289, 'Adriana', 'Correa', 'adriana.correa88@estud.usfq.edu.ec', 'passAdr*88', 9, 4, 29),
    (00262672, 'Beatriz', 'Fuentes', 'beatriz.fuentes50@estud.usfq.edu.ec', 'passBea*50', 28, 5, NULL),
    (00278516, 'Alberto', 'Solis', 'alberto.solis95@estud.usfq.edu.ec', 'passAlb@95', 1, 5, NULL),
    (00284575, 'Elena', 'Salinas', 'elena.salinas56@estud.usfq.edu.ec', 'passElen*56', 19, 5, 34),
    (00333997, 'Ricardo', 'Lopez', 'ricardo.lopez67@estud.usfq.edu.ec', 'passRic#67', 20, 5, 44),
    (00411821, 'Alina', 'Rivas', 'alina.rivas86@estud.usfq.edu.ec', 'passAli@86', 6, 5, 22),
    (00413142, 'Lucia', 'Torres', 'lucia.torres12@estud.usfq.edu.ec', 'Luc1a@pw', 9, 5, NULL),
    (00444451, 'Isabel', 'Rojas', 'isabel.rojas20@estud.usfq.edu.ec', 'IsaP@ss321', 10, 5, NULL),
    (00458982, 'Esteban', 'Benitez', 'esteban.benitez79@estud.usfq.edu.ec', 'passEst#79', 30, 5, 13),
    (00569714, 'Natalia', 'Molina', 'natalia.molina22@estud.usfq.edu.ec', 'passNat#22', 10, 5, NULL),
    (00572838, 'Diana', 'Vazquez', 'diana.vazquez74@estud.usfq.edu.ec', 'passDia*74', 17, 5, NULL),
    (00672593, 'Angela', 'Campos', 'angela.campos32@estud.usfq.edu.ec', 'passAng*32', 18, 5, NULL),
    (00156767, 'Felicia', 'Ortega', 'felicia.ortega68@estud.usfq.edu.ec', 'passFel*68', 28, 6, NULL),
    (00398116, 'Carmen', 'Guzman', 'carmen.guzman40@estud.usfq.edu.ec', 'passCar#40', 15, 6, NULL),
    (00534162, 'Monica', 'Romero', 'monica.romero24@estud.usfq.edu.ec', 'passMon@24', 3, 6, 53),
    (00611753, 'Eduardo', 'Soto', 'eduardo.soto33@estud.usfq.edu.ec', 'passEdu@33', 23, 6, 47),
    (00655937, 'Eduardo', 'Villalobos', 'eduardo.villalobos97@estud.usfq.edu.ec', 'passEdu*97', 23, 6, NULL),
    (00677265, 'Mario', 'León', 'mario.leon49@estud.usfq.edu.ec', 'passMar#49', 9, 6, 23),
    (00745233, 'Ana', 'Martinez', 'ana.martinez4@estud.usfq.edu.ec', 'Ana123pass', 6, 6, NULL),
    (00751837, 'Andres', 'Ortiz', 'andres.ortiz15@estud.usfq.edu.ec', 'And_Ort56', 14, 6, 25),
    (00777152, 'Rodrigo', 'Ramos', 'rodrigo.ramos73@estud.usfq.edu.ec', 'passRod#73', 24, 6, 9),
    (00822363, 'Bianca', 'Fernandez', 'bianca.fernandez90@estud.usfq.edu.ec', 'passBia#90', 12, 6, 34),
    (00837448, 'Ignacio', 'Padilla', 'ignacio.padilla59@estud.usfq.edu.ec', 'passIgn*59', 9, 6, 11),
    (00955876, 'Paola', 'Flores', 'paola.flores82@estud.usfq.edu.ec', 'passPao*82', 11, 6, 19),
    (00133745, 'Pablo', 'Mora', 'pablo.mora69@estud.usfq.edu.ec', 'passPab@69', 8, 7, 12),
    (00213666, 'Samuel', 'Cardenas', 'samuel.cardenas77@estud.usfq.edu.ec', 'passSam*77', 2, 7, 25),
    (00316987, 'Carolina', 'Aguilar', 'carolina.aguilar36@estud.usfq.edu.ec', 'passCar@36', 4, 7, 54),
    (00457697, 'Camila', 'Nuñez', 'camila.nunez84@estud.usfq.edu.ec', 'passCam#84', 8, 7, 15),
    (00695453, 'Luis', 'Garcia', 'luis.garcia5@estud.usfq.edu.ec', 'Lg_pass4321', 18, 7, 12),
    (00713193, 'Teresa', 'Navarro', 'teresa.navarro46@estud.usfq.edu.ec', 'passTer#46', 2, 7, 11),
    (00883899, 'Clara', 'Morales', 'clara.morales64@estud.usfq.edu.ec', 'passCla#64', 27, 7, 16),
    (00924753, 'Alvaro', 'Mejia', 'alvaro.mejia57@estud.usfq.edu.ec', 'passAlv@57', 1, 7, 47),
    (00963454, 'Miguel', 'Peralta', 'miguel.peralta61@estud.usfq.edu.ec', 'passMig#61', 3, 7, NULL),
    (00965921, 'Monica', 'Peña', 'monica.pena94@estud.usfq.edu.ec', 'passMon*94', 22, 7, 11),
    (00996597, 'Alberto', 'Ruiz', 'alberto.ruiz27@estud.usfq.edu.ec', 'passAlb*27', 14, 7, 61),
    (00252272, 'Laura', 'Bermudez', 'laura.bermudez58@estud.usfq.edu.ec', 'passLau#58', 6, 8, NULL),
    (00375744, 'Javier', 'Salazar', 'javier.salazar37@estud.usfq.edu.ec', 'passJav#37', 6, 8, NULL),
    (00544377, 'Paula', 'Morales', 'paula.morales16@estud.usfq.edu.ec', 'Paul!aPass_09', 1, 8, 17),
    (00616165, 'Ernesto', 'Lara', 'ernesto.lara71@estud.usfq.edu.ec', 'passErn*71', 25, 8, 29),
    (00625418, 'Santiago', 'Brito', 'santiago.brito89@estud.usfq.edu.ec', 'passSan@89', 18, 8, NULL),
    (00625998, 'Francisco', 'Medina', 'francisco.medina29@estud.usfq.edu.ec', 'passFra*29', 19, 8, NULL),
    (00635555, 'Silvia', 'Mendoza', 'silvia.mendoza48@estud.usfq.edu.ec', 'passSil@48', 26, 8, NULL),
    (00779297, 'Juliana', 'Pacheco', 'juliana.pacheco80@estud.usfq.edu.ec', 'passJul*80', 29, 8, NULL),
    (00928146, 'Teresa', 'Valencia', 'teresa.valencia98@estud.usfq.edu.ec', 'passTer@98', 20, 8, 25),
    (00118999, 'Jose', 'Muñoz', 'jose.munoz41@estud.usfq.edu.ec', 'passJos*41', 21, 9, 36),
    (00332982, 'Miguel', 'Hernandez', 'miguel.hernandez7@estud.usfq.edu.ec', 'Miguel321!', 5, 9, 35),
    (00333497, 'Javier', 'Guzman', 'javier.guzman93@estud.usfq.edu.ec', 'passJav#93', 27, 9, NULL),
    (00334565, 'Gustavo', 'Ríos', 'gustavo.rios45@estud.usfq.edu.ec', 'passGus@45', 24, 9, 39),
    (00365624, 'Claudia', 'Vega', 'claudia.vega30@estud.usfq.edu.ec', 'passClau@30', 8, 9, 31),
    (00499535, 'Daniel', 'Salazar', 'daniel.salazar85@estud.usfq.edu.ec', 'passDan*85', 10, 9, NULL),
    (00627212, 'Ana', 'Suarez', 'ana.suarez66@estud.usfq.edu.ec', 'passAna@66', 11, 9, NULL),
    (00712317, 'Fernando', 'Mendez', 'fernando.mendez19@estud.usfq.edu.ec', 'fMenD456_pass', 4, 9, 7),
    (00834838, 'Gabriela', 'Castro', 'gabriela.castro18@estud.usfq.edu.ec', 'Gab_C123#', 4, 9, 44),
    (00519666, 'Elena', 'Ramirez', 'elena.ramirez10@estud.usfq.edu.ec', 'EleR!pass', 2, 10, NULL),
    (00528672, 'Victor', 'Chavez', 'victor.chavez39@estud.usfq.edu.ec', 'passVic@39', 11, 10, 68),
    (00999999, 'PRUEBA', 'PRUEBA', 'prueba@estud.usfq.edu.ec', 'prueba', 31, 5, NULL)

-- Insertar datos en la tabla Categoria
INSERT INTO Categoria (Categoria_id, Nombre) VALUES
    (1, 'Ciencias Exactas'),
    (2, 'Ciencias Sociales'),
    (3, 'Ciencias Naturales'),
    (4, 'Ingenierías'),
    (5, 'Artes'),
    (6, 'Humanidades'),
    (7, 'Salud'),
    (8, 'Negocios'),
    (9, 'Gastronomía'),
    (10, 'Derecho'),
    (11, 'Deportes'),
    (12, 'Ingles'),
    (13, 'Colegio General'),
    (14, 'Lenguas'),
    (15, 'Diseño');

INSERT INTO Asignatura (Asignatura_id, Nombre, Descripcion, Carrera_id, Categoria_id, Nota_id, Numero, Creditos) VALUES
    #Malla Computacion
    (1, 'Escritura Academica', 'Esta asignatura se centra en desarrollar habilidades avanzadas de redacción académica. 
    Los estudiantes aprenderán a estructurar ensayos, realizar investigaciones y usar correctamente citas y 
    referencias bibliográficas. También se abordan técnicas para mejorar la claridad y coherencia en los escritos. 
    Se enfoca en la creación de textos formales y académicos. El curso es esencial para presentar trabajos de 
    investigación de alta calidad.', 49, 13, 3, 1001, 3),
    (2, 'Taller de Ing. Cs. Computación', 'En esta asignatura se imparten conocimientos prácticos sobre el desarrollo
    de proyectos en el campo de la ingeniería de software. Los estudiantes trabajarán en equipos para diseñar, 
    implementar y probar soluciones a problemas reales usando herramientas de programación. El taller también aborda 
    metodologías ágiles y el ciclo de vida del desarrollo de software. Se fomenta el uso de mejores prácticas de 
    codificación y documentación. Los proyectos involucran la integración de conocimientos teóricos en escenarios 
    prácticos.', 31, 4, 3, '1001', 3),
    (3, 'Cálculo Diferencial + Ej', 'Este curso introduce los conceptos fundamentales del cálculo diferencial, como 
    límites, derivadas y aplicaciones de la derivada en problemas de optimización y análisis de funciones. 
    Se complementa con ejercicios prácticos para aplicar los conceptos. Es esencial en la formación de ingenieros.', 38, 1, 3, '1201', 3),
    (4, 'Química General 1 +Lab/Ej', 'Este curso cubre los principios básicos de la química, como la estructura
    atómica, enlaces químicos y reacciones. Incluye experimentos de laboratorio para reforzar los conceptos y 
    desarrollar habilidades experimentales. Proporciona una base sólida en química.', 36, 4, 3, '1003', 3),
    (5, 'Cosmos', 'Este curso estudia el universo desde la formación de estrellas y galaxias hasta las teorías 
    que explican su origen. Incluye la exploración de fenómenos astronómicos y un análisis crítico de las teorías
    cosmológicas actuales. Invita a reflexionar sobre nuestro lugar en el cosmos.', 6, 13, 3, '1002', 3),
    (6, 'Inglés Nivel 1', 'Este curso introduce a los estudiantes a los conceptos fundamentales del inglés, 
    enfocándose en habilidades básicas de comunicación. Se cubren aspectos de gramática, vocabulario y 
    comprensión oral, con actividades prácticas para mejorar la capacidad de leer y escribir en inglés.', 50, 14, 3, 
    '0001', 0),
    (7, 'Inglés Nivel 2', 'Continuación del curso de nivel 1, este curso profundiza en las estructuras gramaticales
    más complejas y expande el vocabulario. Se introducen lecturas más avanzadas y se practica la conversación
    para mejorar la fluidez y comprensión.', 50, 14, 3, '0002', 0),
    (8, 'Programación en C++ +Ej', 'Este curso cubre los fundamentos de la programación en C++, incluyendo conceptos
    como estructuras de control, funciones, arreglos y punteros. Se refuerza el aprendizaje a través de ejercicios
    prácticos para implementar programas básicos en C++.', 31, 4, 3, '1101', 3),
    (9, 'Cálculo Integral + Ej', 'Este curso continúa con los temas de cálculo diferencial, introduciendo técnicas 
    de integración, teoremas fundamentales y aplicaciones de la integral. Incluye ejercicios prácticos para aplicar 
    estos conceptos a problemas reales.', 38, 1, 3, '1202', 3),
    (10, 'Autoconocimiento', 'Un curso dedicado a la exploración personal y el desarrollo de habilidades 
    introspectivas. Los estudiantes aprenderán sobre teorías del autoconcepto, la gestión emocional y el crecimiento 
    personal, con un enfoque práctico en el autodescubrimiento.', 6, 13, 3, '1001', 3),
    (11, 'Ser y Cosmos', 'Curso que examina las interacciones entre el ser humano y el universo. Se exploran temas 
    de filosofía, cosmología y existencia desde una perspectiva interdisciplinaria, fomentando la reflexión crítica.',
    6, 13, 3, '2001', 3),
    (12, 'Inglés Nivel 3', 'Avanzando en la complejidad, este curso refuerza las habilidades lingüísticas con énfasis 
    en la escritura académica, el análisis de textos y la mejora de la pronunciación. Incluye tareas de conversación 
    y redacción más elaboradas.', 50, 14, 6, '0003', 0),
    (13, 'Inglés Nivel 4', 'Último nivel del ciclo básico de inglés, donde los estudiantes desarrollan habilidades 
    para debatir temas complejos, escribir ensayos formales y realizar presentaciones en inglés. El curso prepara a 
    los estudiantes para niveles más avanzados de competencia.', 50, 14, 6, '0004', 0),
    (14, 'Programación Avanzada en C++', 'Curso avanzado en el lenguaje de programación C++, donde se profundizan 
    temas como estructuras de datos dinámicas, programación orientada a objetos y manejo de memoria. Se trabaja con 
    ejemplos y proyectos más complejos.', 31, 4, 3, '2102', 3),
    (15, 'Matemáticas Discretas', 'Introducción a conceptos fundamentales de matemáticas discretas como teoría de 
    conjuntos, grafos, algoritmos y combinatoria. Se estudian aplicaciones en informática y otras áreas relacionadas.',
    38, 1, 3, '2004', 3),
    (16, 'Introducción a la Economía', 'Curso que proporciona una visión general de los principios de la economía, 
    abarcando temas como oferta, demanda, mercados, y sistemas económicos. Se analiza cómo estos conceptos afectan 
    la toma de decisiones en los niveles personal y empresarial.', 19, 2, 3, '1001', 3),
    (17, 'Física para Ingeniería 1 +Lab/Ej', 'Este curso introduce los principios de la física aplicados a la 
    ingeniería, cubriendo temas como la mecánica clásica, cinemática, y dinámica. Incluye un componente de laboratorio 
    para aplicar los conocimientos teóricos a experimentos prácticos.', 23, 1, 3, '2701', 3),
    (18, 'Cálculo Vectorial', 'Este curso aborda el cálculo en varias variables, incluyendo la diferenciación e 
    integración de funciones vectoriales. Se estudian conceptos como campos vectoriales, integrales de línea y de 
    superficie, con aplicaciones en física e ingeniería.', 38, 1, 3, '2203', 3),
    (19, 'Inglés Nivel 5', 'Curso avanzado de inglés que se centra en el desarrollo de habilidades comunicativas en 
    contextos más especializados. Los estudiantes participan en discusiones, debates y presentaciones formales sobre 
    temas complejos. Se enfatiza la fluidez y precisión en la comunicación, así como la capacidad de argumentar y 
    defender puntos de vista de manera efectiva.', 50, 14, 6, '0005', 0),
    (20, 'Inglés Nivel 6', 'Este curso finaliza la serie de niveles de inglés, preparando a los estudiantes para 
    comunicarse con fluidez en situaciones académicas y profesionales. Incluye tareas avanzadas de escritura, 
    análisis de textos y presentaciones formales. Los estudiantes desarrollan habilidades para redactar informes 
    detallados, realizar investigaciones académicas y participar en discusiones profesionales.',
    50, 14, 6, '0006', 0),
    (21, 'Programación de Apps', 'Este curso enseña el diseño y desarrollo de aplicaciones móviles. Los 
    estudiantes aprenden a programar interfaces de usuario, gestionar bases de datos móviles y optimizar la
    experiencia del usuario en entornos móviles. Se cubren temas como la integración de servicios web, el 
    uso de APIs y la implementación de características avanzadas como notificaciones push y almacenamiento 
    en la nube.', 31, 4, 3, '2103', 3),
    (22, 'Álgebra Lineal 1 +Ej', 'Introducción a los conceptos básicos de álgebra lineal, incluyendo matrices, 
    determinantes, vectores y espacios vectoriales. Se incluyen ejercicios prácticos para aplicar estos conceptos 
    a problemas de ingeniería y ciencias. Los estudiantes aprenderán a resolver sistemas de ecuaciones lineales, 
    realizar transformaciones lineales y comprender la teoría de espacios vectoriales.', 38, 1, 3, '1401', 3),
    (23, 'Física para Ingeniería 2 +Lab/Ej', 'Continuación del curso de Física para Ingeniería 1, este curso cubre 
    temas como electromagnetismo, circuitos eléctricos y ondas. Incluye un componente de laboratorio para la 
    aplicación práctica de los conceptos teóricos. Los estudiantes realizarán experimentos para entender el 
    comportamiento de los circuitos eléctricos, el campo magnético y las propiedades de las ondas.',
    23, 1, 3, '2702', 3),
    (24, 'Aprendizaje y Servicio PASEC', 'Este curso combina teoría y práctica a través del aprendizaje basado 
    en servicio comunitario. Los estudiantes aplican sus conocimientos académicos en proyectos de impacto social,
    desarrollando habilidades de liderazgo y responsabilidad social. Se fomenta la reflexión crítica sobre las
    necesidades de la comunidad y la implementación de soluciones sostenibles.', 51, 13, 3, '2000', 3),
    (25, 'Cultura Gastronómica', 'Un curso que explora la historia y evolución de la gastronomía a nivel mundial.
    Se estudian las influencias culturales y sociales sobre la cocina, con énfasis en la gastronomía de diferentes
    regiones del mundo. Los estudiantes analizarán la relación entre la comida y la identidad cultural, así como 
    las tendencias actuales en la gastronomía global.', 24, 9, 6, '0010', 1),
    (26, 'Electrónica Básica +Lab', 'Curso introductorio a los principios de la electrónica. Se estudian circuitos, 
    componentes electrónicos y su aplicación en dispositivos básicos. El laboratorio permite experimentar con 
    circuitos simples y su análisis. Los estudiantes aprenderán a diseñar y construir circuitos electrónicos básicos, 
    comprender el funcionamiento de componentes como resistencias, capacitores y transistores, y utilizar herramientas
    de medición electrónica.', 32, 4, 3, '2001', 3),
    (27, 'Estructuras de Datos', 'Este curso cubre la implementación y análisis de estructuras de datos como listas, 
    pilas, colas, árboles y grafos. Los estudiantes aplican estos conceptos en proyectos de programación para optimizar 
    el rendimiento de algoritmos. Se enfatiza la importancia de elegir la estructura de datos adecuada para diferentes 
    tipos de problemas y se incluyen estudios de caso para ilustrar aplicaciones prácticas.', 31, 4, 3, '3002', 3),
    (28, 'Probabilidad y Estadística +Ej', 'Curso que introduce los conceptos fundamentales de probabilidad y 
    estadística, con aplicaciones en ingeniería y ciencias. Los ejercicios prácticos refuerzan el análisis de 
    datos y la interpretación de resultados estadísticos. Se cubren temas como distribuciones de probabilidad, 
    pruebas de hipótesis, regresión y análisis de varianza, proporcionando una base sólida para el análisis de datos.', 38, 1, 3, '2008', 3),
    (29, 'Teoría de la Computación', 'Este curso cubre los fundamentos teóricos de la computación, incluyendo 
    autómatas, lenguajes formales, gramáticas y la teoría de la complejidad. Los estudiantes desarrollan una 
    comprensión profunda de los límites de lo computable. Se exploran temas avanzados como la decidibilidad, 
    la reducibilidad y las clases de complejidad, preparando a los estudiantes para enfrentar problemas complejos en 
    la computación.', 31, 4, 3, '3005', 3),
    (30, 'Programación Avanzada de Apps', 'Este curso se enfoca en el desarrollo avanzado de aplicaciones móviles,
    cubriendo técnicas como la programación en múltiples plataformas, seguridad móvil y optimización del rendimiento.
        Incluye proyectos prácticos donde los estudiantes diseñan y desarrollan aplicaciones complejas, implementando 
        características avanzadas como notificaciones push, integración con servicios web y almacenamiento en la nube.', 31, 4, 3, '3104', 3),
    (31, 'Organización de Computadores', 'El curso explora los componentes y la arquitectura interna de los 
    computadores, incluyendo memoria, procesadores, y buses. Los estudiantes aprenden a optimizar y diseñar sistemas 
    de hardware eficientes. Se abordan temas como la arquitectura de conjunto de instrucciones (ISA), la jerarquía de 
    memoria y la interconexión de componentes, proporcionando una comprensión integral del funcionamiento interno de 
    los computadores.', 31, 4, 3, '3004', 3),
    (32, 'Emprendimiento', 'Este curso ofrece las bases para la creación de nuevos negocios. Los estudiantes aprenden
    sobre planificación empresarial, financiamiento, innovación y el proceso de llevar una idea al mercado. Se 
    incluyen estudios de caso de startups exitosas y se fomenta el desarrollo de un plan de negocios completo, 
    abarcando desde la identificación de oportunidades hasta la estrategia de salida.', 1, 2, 3, '3002', 3),
    (33, 'Diseño de Sistemas', 'Los estudiantes aprenden a diseñar sistemas complejos mediante el análisis de 
    requerimientos, modelado de sistemas y prototipado. Se enfoca en la creación de sistemas eficientes, escalables 
    y adaptables. El curso incluye el uso de herramientas de modelado y simulación, y se realizan proyectos en los 
    que los estudiantes aplican los principios de diseño a problemas reales, desde la concepción hasta la implementación.', 31, 4, 3, '3003', 3),
    (34, 'Inteligencia Artificial', 'Este curso introduce los conceptos clave de la inteligencia artificial, incluyendo
    algoritmos de búsqueda, aprendizaje automático, redes neuronales y procesamiento del lenguaje natural. Los 
    estudiantes explorarán aplicaciones prácticas de la IA en diversas áreas como la visión por computadora, el 
    procesamiento del lenguaje natural y la robótica. Se enfatiza el uso de herramientas y bibliotecas modernas para 
    implementar soluciones de IA.', 31, 4, 3, '4004', 3),
    (35, 'Base de Datos', 'Se abordan los conceptos fundamentales del diseño y manejo de bases de datos, desde la 
    normalización de tablas hasta el uso de SQL. Los estudiantes practican con bases de datos relacionales y no 
    relacionales, y aprenden sobre la optimización de consultas, la gestión de transacciones y la seguridad de datos. 
    El curso incluye proyectos prácticos para diseñar y gestionar bases de datos eficientes.', 31, 4, 3, '4002', 3),
    (36, 'Aprendizaje Automático', 'Este curso profundiza en las técnicas de aprendizaje automático, incluyendo 
    modelos supervisados, no supervisados y redes neuronales. Los estudiantes implementan algoritmos de clasificación
    y predicción en proyectos prácticos. Se cubren temas avanzados como el aprendizaje profundo, el procesamiento de 
    grandes volúmenes de datos y la evaluación de modelos. El curso prepara a los estudiantes para aplicar técnicas 
    de aprendizaje automático en problemas del mundo real.', 31, 4, 3, '4002', 3),
    (37, 'Redes +Lab', 'Un curso teórico y práctico sobre redes de computadores. Se cubren protocolos de red, 
        arquitectura de Internet, enrutamiento y seguridad en redes, con un componente de laboratorio para implementaciones.
    Los estudiantes aprenden a configurar y gestionar redes, solucionar problemas de conectividad y aplicar medidas 
    de seguridad para proteger la infraestructura de red. El curso incluye estudios de caso y proyectos prácticos.', 
    31, 4, 3, '4005', 3),
    (38, 'Sistemas Operativos', 'Los estudiantes aprenden los principios y estructuras de los sistemas operativos, 
    incluyendo la gestión de procesos, memoria, almacenamiento y seguridad. Se incluye una perspectiva práctica de 
    la administración de sistemas. El curso cubre temas como la concurrencia, la planificación de procesos, la gestión 
    de memoria y el sistema de archivos. Los estudiantes también trabajan con sistemas operativos reales para 
    desarrollar habilidades prácticas en administración y configuración.', 31, 4, 3, '4003', 3),
    (39, 'Proyectos: Gerencia y Análisis', 'Este curso cubre la planificación y gestión de proyectos en el ámbito 
    de la ingeniería y computación. Los estudiantes desarrollan habilidades en análisis de requerimientos, estimación 
    de costos y gestión de riesgos. Se abordan metodologías de gestión de proyectos como Agile y Scrum, y se utilizan 
    herramientas de software para planificar y monitorear proyectos. El curso incluye estudios de caso y proyectos 
    prácticos para aplicar los conceptos aprendidos.', 34, 4, 3, '4011', 3),
    (40, 'Práctica Pre-Profesional PASEM', 'Este curso permite a los estudiantes adquirir experiencia laboral en un 
    entorno profesional relacionado con su campo de estudio, aplicando los conocimientos académicos en proyectos 
    reales. Los estudiantes trabajan en empresas o instituciones, desarrollando habilidades prácticas y profesionales. 
    El curso incluye la elaboración de un informe final y una presentación sobre la experiencia adquirida, destacando 
    los logros y aprendizajes.', 52, 13, 6, '4000', 5),
    (41, 'Coloquios_ING', 'Un espacio para la reflexión y discusión académica en el que los estudiantes presentan y debaten
    sobre temas de interés actual en su campo de estudio. Se fomenta la participación activa y crítica. Los coloquios 
    también incluyen la participación de expertos invitados que comparten sus conocimientos y experiencias, 
    enriqueciendo el aprendizaje de los estudiantes.', 53, 4, 6, '0001', 1),
    (42, 'Seguridad Informática', 'Se estudian los principios de la seguridad en sistemas informáticos, incluyendo 
    criptografía, autenticación, control de acceso y seguridad en redes. Los estudiantes aplican técnicas de protección
    y detección de intrusiones. El curso también aborda la gestión de riesgos y la implementación de políticas de 
    seguridad para proteger la información y los sistemas contra amenazas y vulnerabilidades.', 31, 4, 3, '5006', 3),
    (43, 'Minería de Datos', 'Este curso enseña las técnicas para extraer conocimiento a partir de grandes volúmenes de
    datos. Los estudiantes trabajan con algoritmos de clasificación, clustering y análisis de datos para resolver 
    problemas reales. Se incluyen estudios de caso y proyectos prácticos que permiten a los estudiantes aplicar 
    las técnicas aprendidas en situaciones del mundo real, mejorando su capacidad para tomar decisiones basadas en 
    datos.', 31, 4, 3, '5002', 3),
    (44, 'Aplicaciones Distribuidas', 'El curso cubre el diseño y desarrollo de aplicaciones distribuidas, donde 
    múltiples sistemas interactúan a través de redes. Los estudiantes aprenden a implementar y gestionar aplicaciones
    escalables y seguras. Se abordan temas como la comunicación entre procesos, la sincronización, la tolerancia a 
    fallos y la seguridad en sistemas distribuidos, proporcionando una comprensión integral de los desafíos y 
    soluciones en este campo.', 31, 4, 3, '5001', 3),
    (45, 'Proyecto Integrador CMP', 'El proyecto final del programa de computación, donde los estudiantes aplican 
    sus conocimientos en el desarrollo de un sistema completo que resuelva un problema real o empresarial, integrando
    diversas áreas del campo. Los estudiantes trabajan en equipos para planificar, diseñar, implementar y evaluar 
    su proyecto, desarrollando habilidades de gestión de proyectos, trabajo en equipo y comunicación efectiva. 
    El proyecto culmina con una presentación formal y una demostración del sistema desarrollado.', 31, 4, 3, '5992', 5),
    (46, 'Matematica Empresarial +Ej', 'Curso que abarca temas de matemáticas aplicados al ámbito empresarial, como 
    álgebra, funciones y análisis financiero. Incluye ejercicios prácticos para reforzar los conceptos teóricos. 
    Los estudiantes aprenderán a utilizar herramientas matemáticas para resolver problemas financieros y empresariales, 
    desarrollando habilidades analíticas y de toma de decisiones.', 38, 1, 3, '1009', 3),
    (47, 'Conceptos y Tecnicas 1', 'Este curso introduce a los estudiantes a conceptos fundamentales y técnicas de 
    cocina, incluyendo habilidades básicas de preparación de alimentos y el uso de herramientas culinarias. 
    Se enfoca en la seguridad alimentaria, la higiene en la cocina y la correcta manipulación de ingredientes. 
    Los estudiantes practicarán técnicas de corte, cocción y presentación de platos básicos.', 24, 9, 3, '1101', 3),
    (48, 'Principios de Administracion', 'Un curso introductorio que cubre los principios esenciales de la 
    administración, incluyendo planificación, organización, liderazgo y control en un entorno empresarial. 
    Los estudiantes aprenderán sobre la toma de decisiones estratégicas, la gestión de recursos humanos y la 
    implementación de políticas organizacionales. Se incluyen estudios de caso y ejercicios prácticos para 
    aplicar los conceptos aprendidos.', 1, 2, 3, '1001', 3),
    (49, 'Panaderia', 'Los estudiantes aprenden los principios básicos de la panadería, incluyendo la preparación
    de diferentes tipos de panes, masas fermentadas y técnicas de horneado. Se abordan temas como la selección 
    de ingredientes, el proceso de fermentación y la decoración de productos de panadería. El curso incluye 
    sesiones prácticas donde los estudiantes elaboran una variedad de panes y productos horneados.', 24, 9, 3, '2002', 3),
    (50, 'Nutricion Humana +Lab', 'Este curso explora los fundamentos de la nutrición humana, con un componente 
    práctico en el laboratorio para el análisis de dietas y evaluación de necesidades nutricionales. Los estudiantes 
    aprenderán sobre los nutrientes esenciales, la digestión y el metabolismo, así como la planificación de dietas 
    equilibradas. El laboratorio permite a los estudiantes realizar análisis de alimentos y evaluar el estado 
    nutricional de diferentes poblaciones.', 41, 3, 3, '1001', 3),
    (51, 'Introduccion a la Hospitalidad', 'Los estudiantes se familiarizan con los principios fundamentales de 
    la industria de la hospitalidad, incluyendo el servicio al cliente, gestión hotelera y tendencias actuales del
    sector. Se abordan temas como la historia de la hospitalidad, la importancia de la calidad del servicio y las 
    habilidades necesarias para tener éxito en este campo. El curso también incluye estudios de caso y visitas a 
    establecimientos de hospitalidad para proporcionar una comprensión práctica de la industria.', 26, 6, 3, '1001', 3),
    (52, 'Contabilidad Empresarial', 'El curso cubre los principios básicos de la contabilidad financiera aplicada 
    a las empresas, incluyendo el registro de transacciones, balance de cuentas y preparación de informes financieros.
    Los estudiantes aprenderán a interpretar estados financieros, realizar análisis financieros y comprender la 
    importancia de la contabilidad en la toma de decisiones empresariales. Se incluyen ejercicios prácticos y 
    estudios de caso para aplicar los conceptos aprendidos.', 22, 1, 3, '2002', 3),
    (53, 'Conceptos y Tecnicas 2 +PRA', 'Continuación de Conceptos y Técnicas 1, este curso avanza en habilidades
    culinarias con un enfoque en la práctica intensiva, preparando platos más complejos. Los estudiantes aprenderán 
    técnicas avanzadas de cocina, presentación de platos y gestión de tiempo en la cocina. El curso incluye sesiones 
    prácticas donde los estudiantes aplican lo aprendido en situaciones de cocina real, mejorando sus habilidades 
    culinarias y su capacidad para trabajar bajo presión.', 24, 9, 3, '2102', 3),
    (54, 'Practica Culinaria 1', 'Los estudiantes aplican técnicas culinarias básicas en un entorno práctico, aprendiendo
    a trabajar en equipo y a gestionar las operaciones de cocina. El curso se enfoca en la preparación de menús, la 
    organización de la cocina y la implementación de prácticas de higiene y seguridad. Los estudiantes también 
    desarrollan habilidades en la gestión de inventarios y el control de costos, preparando platos bajo la supervisión 
    de chefs experimentados.', 24, 9, 3, '1200', 3),
    (55, 'Administracion de A & B', 'Este curso enseña los principios de administración de alimentos y bebidas en 
    establecimientos de hospitalidad, cubriendo gestión de inventario, costos y control de calidad. Los estudiantes 
    aprenderán a planificar menús, negociar con proveedores y gestionar el personal de servicio. Se incluyen estudios 
    de caso y proyectos prácticos para aplicar los conceptos aprendidos en situaciones reales, mejorando la eficiencia 
    y la calidad del servicio en establecimientos de alimentos y bebidas.', 26, 2, 3, '2001', 3),
    (56, 'Carniceria', 'Se estudian técnicas de corte de carne, manejo de diferentes tipos de carne y métodos de 
    preparación para la cocina profesional. Los estudiantes aprenderán a seleccionar, cortar y preparar carnes de 
    manera eficiente y segura, utilizando herramientas especializadas. El curso también aborda la conservación y 
    almacenamiento adecuado de los productos cárnicos.', 24, 9, 3, '2003', 3),
    (57, 'Alta Cocina Ecuatoriana', 'Los estudiantes aprenden a preparar platos tradicionales ecuatorianos con un 
    enfoque en técnicas de alta cocina y presentación moderna. Se exploran ingredientes autóctonos y se aplican 
    técnicas culinarias avanzadas para realzar los sabores y la presentación de los platos. El curso incluye 
    demostraciones prácticas y la creación de menús degustación.', 24, 9, 3, '3001', 3),
    (58, 'Introducción a la Biología +Ej', 'Este curso proporciona una introducción a los principios fundamentales 
    de la biología. Los estudiantes explorarán temas como la estructura y función de las células, la genética, la 
    evolución, la ecología y la diversidad de los organismos vivos. Además, el curso incluye ejercicios prácticos 
    y experimentos en laboratorio para reforzar los conceptos teóricos y desarrollar habilidades científicas 
    básicas.', 9, 3, 3, '1101', 3),
    (59, 'Introduccion al Marketing HSP', 'Introducción al marketing en la industria de la hospitalidad, cubriendo
    conceptos como la segmentación de mercado, estrategias de precios y promoción de servicios. Los estudiantes 
    desarrollarán habilidades para crear y ejecutar planes de marketing efectivos, utilizando estudios de caso y 
    proyectos prácticos para aplicar los conceptos aprendidos en situaciones reales.', 26, 6, 3, '2003', 3),
    (60, 'Coloquios_Gastr', 'Espacio de reflexión y discusión académica en el que se presentan temas actuales del 
    campo de la hospitalidad y la gastronomía, promoviendo la participación activa. Los estudiantes tendrán la 
    oportunidad de interactuar con expertos de la industria, compartir sus ideas y debatir sobre tendencias y 
    desafíos actuales, enriqueciendo su comprensión del campo.', 26, 6, 3, '0001', 1),
    (61, 'Alta Cocina Francesa', 'Los estudiantes aprenden las técnicas y recetas tradicionales de la cocina
    francesa, desde la preparación de salsas hasta la elaboración de platos emblemáticos. El curso incluye 
    demostraciones prácticas y sesiones de cocina donde los estudiantes aplican técnicas clásicas para crear 
    platos sofisticados. Se enfatiza la precisión y la atención al detalle en la presentación de los platos.', 
    24, 9, 3, '3005', 3),
    (62, 'Pasteleria', 'Este curso enseña los fundamentos de la pastelería, incluyendo la preparación de tartas, 
    galletas y otros productos de repostería fina. Los estudiantes aprenderán técnicas de horneado, decoración y 
    presentación de postres, así como la selección y manejo adecuado de ingredientes para crear productos de alta 
    calidad.', 24, 9, 3, '3003', 3),
    (63, 'Servicio y Protocolo', 'Se estudian los principios del servicio al cliente en la industria de la hospitalidad, 
    incluyendo las normas de protocolo y etiqueta en el servicio de alimentos y bebidas. Los estudiantes desarrollarán 
    habilidades en la atención al cliente, la organización de eventos y la gestión de situaciones de servicio, 
    asegurando una experiencia excepcional para los clientes.', 24, 9, 3, '2001', 3),
    (64, 'Practica Culinaria 2', 'Curso práctico que permite a los estudiantes desarrollar habilidades avanzadas 
    en la cocina, gestionando equipos y preparando platos sofisticados en un entorno profesional. Los estudiantes 
    trabajarán en la planificación de menús, la ejecución de técnicas culinarias avanzadas y la gestión de la cocina 
    bajo presión, mejorando su capacidad para liderar y colaborar en un equipo culinario.', 24, 9, 3, '3200', 3),
    (65, 'Alta Cocina Mundial', 'Un recorrido por las principales tradiciones culinarias del mundo, donde los 
    estudiantes aprenden a preparar platos de alta cocina de diversas culturas. El curso incluye la exploración de 
    ingredientes exóticos, técnicas de cocina internacional y la creación de menús temáticos, proporcionando una 
    comprensión profunda de la diversidad culinaria global.', 24, 9, 3, '4002', 3),
    (66, 'Reposteria y Chocolateria', 'Este curso cubre las técnicas avanzadas en repostería y chocolatería, 
    desde la creación de postres complejos hasta la manipulación del chocolate para productos gourmet. Los estudiantes 
    aprenderán a trabajar con diferentes tipos de chocolate, crear decoraciones elaboradas y desarrollar habilidades 
    en la presentación de postres de alta calidad.', 24, 9, 3, '3007', 3),
    (67, 'Innovacion Culinaria', 'Este curso explora técnicas innovadoras y contemporáneas en la cocina, permitiendo
    a los estudiantes desarrollar nuevos enfoques y conceptos creativos. Se hace hincapié en la experimentación con
    ingredientes, texturas y sabores para proponer platos originales. Los estudiantes también aprenden a utilizar
    herramientas tecnológicas para la innovación culinaria. Finalmente, se fomenta la creación de menús vanguardistas
        y adaptables a tendencias globales.', 24, 9, 3, '4006', 3),
    (68, 'Enologia y Cocteleria', 'Este curso se centra en el estudio profundo del vino, desde su producción hasta
    su correcta cata y maridaje con distintos alimentos. Además, incluye una introducción a la coctelería, donde
    los estudiantes aprenden las técnicas clásicas y modernas de preparación de cócteles. Se presta especial 
    atención a la historia y evolución de las bebidas espirituosas. Los alumnos desarrollan habilidades prácticas 
    en la mezcla y presentación de cócteles de autor.', 24, 9, 3, '4003', 3),
    (69, 'Administracion de Eventos', 'El curso proporciona una visión integral de la planificación y gestión de 
    eventos en la industria de la hospitalidad. Los estudiantes estudian desde la organización logística hasta el 
    manejo de presupuestos y recursos humanos. Se abordan técnicas para la promoción y marketing de eventos exitosos,
    considerando la satisfacción del cliente. También incluye estudios de caso de eventos internacionales de gran escala
    para analizar sus dinámicas y gestión.', 26, 2, 3, '3002', 3),
    (70, 'Gerencia Financiera HSP', 'Este curso aborda los aspectos financieros fundamentales de la gestión en la 
    hospitalidad. Los estudiantes aprenden a desarrollar y analizar presupuestos, controlar costos, y realizar 
    proyecciones financieras para negocios en el sector. También cubre la administración de ingresos y la toma de 
    decisiones basadas en datos financieros. A lo largo del curso, los alumnos aplican herramientas de software 
    para optimizar la rentabilidad en contextos reales.', 26, 6, 3, '4001', 3),
    (71, 'Identidad Culinaria', 'El curso examina cómo la gastronomía refleja la identidad cultural de diversas 
    regiones, con un enfoque en el análisis de tradiciones culinarias. Los estudiantes investigan el impacto de 
    la globalización en la gastronomía local y las tendencias actuales que afectan el patrimonio culinario. A través
    de la investigación y el trabajo de campo, desarrollan proyectos que preservan o reinventan platos tradicionales.
    Además, se discuten temas relacionados con la sostenibilidad y la cultura alimentaria.', 24, 9, 3, '4992', 5),
    (72, 'Fundamentos de la Educacion', 'Esta asignatura ofrece una introducción integral a los principios básicos 
    de la educación. Los estudiantes explorarán los fundamentos históricos, filosóficos y sociales de los sistemas 
    educativos. Se analizarán las teorías pedagógicas clave y se discutirá cómo éstas han influido en las prácticas 
    educativas modernas. Además, se examinarán los desafíos actuales en la educación y el papel del docente en la 
    sociedad.', 20, 2, 3, '1001', 3),
    (73, 'Teorias del Aprendizaje', 'El curso cubre las principales teorías del aprendizaje desde una perspectiva 
    psicológica y educativa. Los estudiantes estudiarán teorías como el conductismo, el cognitivismo y el 
    constructivismo, analizando cómo estas influyen en la enseñanza y el aprendizaje. Se discutirá la aplicación 
    de estas teorías en el aula y cómo los diferentes enfoques pueden adaptarse a las necesidades de diversos 
    alumnos. El curso fomenta la comprensión crítica de cómo aprendemos.', 20, 2, 3, '1002', 3),
    (74, 'Desarrollo: Niño y Adolescente', 'Esta asignatura explora las etapas clave del desarrollo físico, 
    cognitivo, emocional y social en niños y adolescentes. Los estudiantes aprenderán a identificar hitos 
    importantes del desarrollo y comprenderán los factores que influyen en el crecimiento de los jóvenes. 
    Además, se abordarán los desafíos comunes que enfrentan durante estas etapas, incluyendo la adaptación 
    escolar, la identidad personal y las relaciones con sus pares. También se discutirán las estrategias 
    educativas para apoyar el desarrollo saludable.', 45, 7, 3, '2101', 3),
    (75, 'Planificacion y Evaluacion 1', 'En este curso, los estudiantes aprenderán a planificar lecciones y 
    evaluar el rendimiento académico de los estudiantes de manera efectiva. Se revisarán diferentes metodologías 
    de enseñanza y evaluación, destacando la importancia de una planificación detallada para alcanzar los 
    objetivos de aprendizaje. Además, se introducirá el uso de herramientas de evaluación formativa y sumativa. 
    Los estudiantes desarrollarán habilidades para crear planes de clase que promuevan un aprendizaje efectivo.',
     20, 2, 3, '1005', 3),
    (76, 'Estadistica para CCSS', 'Este curso proporciona una base en estadística aplicada a las ciencias 
    sociales. Los estudiantes aprenderán conceptos clave como la recolección de datos, análisis estadístico, y 
    la interpretación de resultados. El enfoque estará en la aplicación práctica de las técnicas estadísticas 
    para resolver problemas reales en ciencias sociales. Se abordarán temas como la regresión, correlación y 
    pruebas de hipótesis, utilizando software especializado para realizar análisis.', 38, 1, 3, '1101', 3),
    (77, 'Neurociencia y Educacion', 'La asignatura explora las conexiones entre el cerebro y el aprendizaje, 
    introduciendo a los estudiantes a los fundamentos de la neurociencia aplicada a la educación. Se estudiarán 
    cómo los procesos cerebrales influyen en la adquisición del conocimiento, la memoria y el comportamiento. 
    Además, se discutirán temas como la plasticidad cerebral y su impacto en la educación, así como estrategias 
    basadas en la neurociencia para mejorar el aprendizaje y la enseñanza.', 20, 2, 3, '4002', 3),
    (78, 'Planificacion y Evaluacion 2', 'Esta asignatura es una continuación del curso de planificación y evaluación. 
    Los estudiantes profundizarán en la creación de planes de clase detallados y en el uso de diversas técnicas de 
    evaluación. Se hará énfasis en la retroalimentación y el ajuste de los planes de enseñanza en función de los resultados 
    de las evaluaciones. También se revisarán estrategias para integrar la evaluación formativa y sumativa en el proceso 
    de enseñanza.', 20, 2, 3, '2011', 3),
    (79, 'Coloquios_EDU', 'Este curso ofrece un espacio de discusión y reflexión crítica sobre temas de actualidad en 
    el ámbito de la educación. Los estudiantes participarán en debates, presentaciones y análisis de casos, 
    con el fin de desarrollar habilidades de comunicación y pensamiento crítico. Los coloquios permitirán a los estudiantes 
    explorar diversos puntos de vista y proponer soluciones innovadoras a problemas educativos contemporáneos.', 20, 2, 3, '0001', 1),
    (80, 'Ensenanza de Lenguaje', 'Este curso aborda las metodologías y estrategias para la enseñanza del lenguaje y la alfabetización. 
    Se explorarán diversas teorías sobre el desarrollo del lenguaje y se analizarán métodos prácticos para mejorar la 
    comprensión lectora y la expresión escrita. Los estudiantes aprenderán a adaptar su enseñanza a diferentes niveles 
    y contextos, con el objetivo de desarrollar competencias comunicativas en los alumnos.', 20, 2, 3, '2003', 3),
    (81, 'Practica 1', 'La primera práctica en el campo educativo permite a los estudiantes aplicar los conocimientos teóricos adquiridos 
    en un entorno real. Durante esta experiencia supervisada, los estudiantes participarán en actividades de enseñanza y 
    apoyo dentro de un aula, bajo la orientación de un docente experimentado. Esta práctica proporciona una introducción 
    a las dinámicas del trabajo docente y ayuda a desarrollar competencias profesionales.', 20, 2, 3, '2101', 3),
    (82, 'Metodologias de Ensenanza', 'Este curso ofrece un análisis detallado de las diferentes metodologías de enseñanza utilizadas en la educación moderna. 
    Los estudiantes explorarán enfoques tradicionales y contemporáneos, como la enseñanza directa, el aprendizaje basado en problemas y 
    la instrucción diferenciada. A lo largo del curso, se analizarán casos prácticos y se promoverá la creación de estrategias 
    de enseñanza adaptadas a diversas necesidades educativas.', 20, 2, 3, '2002', 3),
    (83, 'Ensenanza de Matematicas', 'Este curso se enfoca en las metodologías para la enseñanza efectiva de las matemáticas. 
    Los estudiantes aprenderán a diseñar lecciones que promuevan el pensamiento lógico y crítico, utilizando ejemplos 
    prácticos y técnicas pedagógicas innovadoras. También se explorarán enfoques diferenciados para la enseñanza de 
    conceptos matemáticos, adaptados a diversos niveles de aprendizaje.', 20, 2, 3, '3005', 3),
    (84, 'Ensenanza de Ciencias Sociales', 'Este curso aborda las estrategias para la enseñanza de ciencias sociales en el aula. 
    Los estudiantes aprenderán a integrar la historia, la geografía, la economía y otros campos en lecciones dinámicas. 
    Se hace énfasis en el desarrollo del pensamiento crítico y en la capacidad de los alumnos para relacionar el contenido 
    con problemas y temas sociales contemporáneos. Se explorarán casos de estudio y actividades interactivas.', 20, 2, 3, '3002', 3),
    (85, 'Arte y Educacion', 'Este curso explora la intersección entre las artes visuales y la educación. Los estudiantes 
    aprenderán cómo utilizar las artes para fomentar la creatividad y el pensamiento crítico en el aula. Se abordarán 
    diversas técnicas artísticas y cómo estas pueden integrarse en diferentes materias para enriquecer el proceso de 
    aprendizaje. También se discutirá el papel del arte en el desarrollo integral del alumno.', 20, 2, 3, '2005', 3),
    (86, 'Bilingualism', 'Este curso examina los fundamentos del bilingüismo y sus implicaciones para la educación. 
    Se explorarán las teorías del desarrollo bilingüe y las estrategias para apoyar a los estudiantes en el aprendizaje 
    de dos o más lenguas. Los estudiantes aprenderán a diseñar planes de enseñanza que promuevan el bilingüismo 
    de manera efectiva, considerando los contextos culturales y lingüísticos de los alumnos.', 20, 12, 3, '3004', 3),
    (87, 'Practica 2', 'La segunda práctica profesional brinda a los estudiantes una oportunidad para aplicar sus conocimientos 
    en un entorno educativo real. Bajo la supervisión de un docente, los estudiantes asumirán mayores responsabilidades 
    en el aula, participando activamente en la planificación y ejecución de lecciones. Se espera que los estudiantes 
    desarrollen habilidades pedagógicas avanzadas y reflexionen sobre su práctica docente.', 20, 2, 3, '2102', 3),
    (88, 'Ensenanza de Ciencias', 'Este curso explora las metodologías para enseñar ciencias en diversos niveles educativos. 
    Los estudiantes aprenderán a diseñar experiencias de aprendizaje que fomenten la indagación científica y el 
    pensamiento crítico. Se integran actividades prácticas y experimentales, además de la aplicación de teorías 
    educativas para facilitar la enseñanza de las ciencias.', 20, 2, 3, '3001', 3),
    (89, 'Ensenanza Integrada de CITIAM', 'Este curso ofrece una visión holística de la enseñanza integrada de las ciencias, 
    tecnología, ingeniería, artes y matemáticas (CITIAM). Los estudiantes aprenderán a conectar conceptos de distintas 
    disciplinas y a desarrollar planes de lecciones que promuevan el aprendizaje interdisciplinario. Se hace énfasis en 
    la creatividad, la resolución de problemas y la innovación.', 20, 2, 3, '4008', 3),
    (90, 'Practica 3', 'En la tercera práctica profesional, los estudiantes asumirán roles más activos en la gestión de un aula, 
    aplicando sus conocimientos en un entorno educativo bajo supervisión. Se espera que los estudiantes implementen 
    proyectos educativos más complejos y refuercen sus habilidades pedagógicas, mientras reflexionan críticamente 
    sobre su desempeño en la enseñanza.', 20, 2, 3, '3103', 3),
    (91, 'Inclusion y Diversidad', 'Este curso analiza los principios de la educación inclusiva y cómo garantizar la participación 
    de todos los estudiantes, independientemente de sus diferencias físicas, cognitivas, culturales o lingüísticas. 
    Los estudiantes aprenderán a diseñar entornos de aprendizaje que promuevan la equidad y la diversidad, con 
    enfoques pedagógicos que respeten las particularidades de cada alumno.', 20, 2, 3, '4006', 3),
    (92, 'Proyecto Integrador EDU', 'Este proyecto integrador representa la culminación del programa educativo. Los estudiantes 
    trabajarán en un proyecto práctico que combina los conocimientos adquiridos a lo largo de su formación. Se espera 
    que el proyecto aborde un problema educativo real y proponga soluciones innovadoras que reflejen las competencias 
    desarrolladas en las áreas de pedagogía y gestión educativa.', 20, 2, 3, '4991', 5),
    (93, 'Practica 4', 'La cuarta y última práctica profesional permite a los estudiantes aplicar de manera integral sus habilidades 
    pedagógicas en un entorno real. Durante esta experiencia, se espera que los estudiantes gestionen de manera 
    autónoma el aula, diseñando e implementando planes educativos completos. Esta práctica es fundamental para 
    prepararse para el ejercicio profesional docente.', 20, 2, 3, '4104', 6),
    (94, 'Zoología +Lab', 'Este curso abordará el estudio de los animales de manera científica, crítica, sistemática, actualizada y 
    aplicada a varias carreras. Revisaremos varios grupos de animales y seguiremos sus procesos evolutivos, pasos de especialización 
    y desarrollo, su rol eco sistémico y su relación con los humanos. Estudiaremos su taxonomía y filogenia, anatomía y fisiología 
    básica, ecología, comportamiento y reproducción. Incluye prácticas de laboratorio y salida de campo.', 9, 3, 3, '2301', 3),    
    (95, 'Fisiología +Lab', 'Este curso analiza las maneras en las que los seres vivos responden y se ajustan fisiológicamente a las condiciones impuestas por 
    el ambiente físico que los rodea. Este análisis se realizará tanto en el tiempo ecológico (actual) cuanto evolutivo, bajo la hipótesis subyacente de que 
    estas respuestas constituyen respuestas adaptativas, resultado de la acción de la selección natural. En el curso nos centraremos en la fisiología ecológica 
    de los seres vivos. El énfasis del curso es fundamentalmente en el nivel del organismo individual, aunque en ciertos aspectos (i.e., energética), 
    analizaremos también los niveles de poblaciones y ecosistemas. Nos enfocaremos en problemas ecológicos que demandan una respuesta fisiológica; los 
    organismos son usados como ejemplos, son “modelos”, de lo que podría considerarse un gremio ecológico antes que de un grupo taxonómico.',
    9, 3, 3, '2002', 3),
    (96, 'Evolución', 'El curso de Evolución ofrece una comprensión profunda de los mecanismos y procesos que han dado forma a la 
    diversidad de la vida en la Tierra. Los estudiantes explorarán temas como la teoría de la evolución por selección natural, la 
    genética de poblaciones, la especiación, y la coevolución. Se analizarán las evidencias fósiles y moleculares que respaldan la 
    teoría evolutiva, así como los patrones de evolución en diferentes linajes. Además, el curso incluye estudios de caso y ejemplos 
    actuales de evolución en acción, proporcionando una perspectiva moderna y aplicada. Los estudiantes participarán en actividades 
    prácticas y proyectos de investigación que les permitirán aplicar los conceptos aprendidos y desarrollar habilidades en el 
    análisis de datos evolutivos. Este curso es fundamental para aquellos interesados en la biología, la ecología, la genética y 
    otras ciencias de la vida, proporcionando una base sólida para estudios avanzados y carreras en estas áreas.', 9, 3, 3, '3001', 3),    
    (97, 'Principios de Marketing', 'Este curso introduce a los estudiantes en los conceptos clave del marketing, incluyendo las estrategias 
    de promoción, investigación de mercado y comportamiento del consumidor. Se enfoca en cómo las empresas crean valor para sus clientes.', 37, 2, 3, '1001', 3),
    (98, 'Estadistica Empresarial +Lab', 'Este curso enseña técnicas estadísticas aplicadas a la toma de decisiones empresariales. 
    Incluye un laboratorio donde los estudiantes utilizan software estadístico para analizar datos reales y tomar decisiones informadas.', 38, 1, 3, '2009', 3),
    (99, 'Gerencia de Costos', 'El curso se enfoca en la identificación, asignación y control de costos en las organizaciones. 
    Proporciona a los estudiantes herramientas para la toma de decisiones basadas en el análisis de costos.', 22, 2, 3, '2003', 3),
    (100, 'Principios de Seguros', 'Este curso aborda los fundamentos de los seguros, incluyendo los tipos de cobertura, 
    la gestión de riesgos y la legislación relevante. Los estudiantes aprenderán cómo evaluar y mitigar riesgos en un entorno empresarial.', 54, 2, 3, '1001', 3),
    (101, 'Analisis de Datos', 'En este curso, los estudiantes aprenderán a aplicar técnicas de análisis de datos para extraer información 
    relevante y tomar decisiones estratégicas. Se cubren métodos de análisis descriptivo, predictivo y prescriptivo.', 1, 1, 3, '2003', 3),
    (102, 'Principios de Finanzas', 'Este curso introduce a los estudiantes en los conceptos fundamentales de las finanzas empresariales, 
    como la gestión de activos, la estructura de capital, y la evaluación de proyectos de inversión.', 22, 1, 3, '2001', 3),
    (103, 'Coloquios_adm', 'Este curso proporciona un espacio para la discusión y análisis de temas actuales en los negocios. 
    Los estudiantes participarán en coloquios con expertos de la industria y académicos.', 1, 2, 1, '0001', 1),
    (104, 'Finanzas Corporativas', 'Este curso se centra en la gestión financiera dentro de las empresas. 
    Se exploran temas como la valoración de empresas, la financiación y la estructura de capital, así como la planificación financiera a largo plazo.', 22, 1, 3, '3001', 3),
    (105, 'Marketing Digital', 'Este curso examina las estrategias de marketing digital, incluyendo SEO, publicidad en redes sociales 
    y marketing de contenidos. Los estudiantes aprenderán a crear y ejecutar campañas de marketing en línea.', 37, 2, 3, '4001', 3),
    (106, 'Negociacion', 'Este curso proporciona a los estudiantes las herramientas necesarias para negociar con éxito en diferentes 
    contextos empresariales. Se enfoca en técnicas de negociación, resolución de conflictos y toma de decisiones colaborativas.', 1, 2, 3, '3005', 3),
    (107, 'Operaciones +Lab', 'Este curso cubre los principios de gestión de operaciones, incluidos la planificación, la producción y 
    la logística. En el laboratorio, los estudiantes aplicarán estas teorías para resolver problemas de la vida real.', 1, 1, 3, '2002', 3),
    (108, 'Economia y Negocios', 'Este curso introduce a los estudiantes a los principios económicos y cómo estos impactan las decisiones 
    empresariales. Se cubren tanto la microeconomía como la macroeconomía con un enfoque en aplicaciones empresariales.', 19, 1, 3, '3009', 3),
    (109, 'Investigacion de Mercados', 'Este curso enseña a los estudiantes las técnicas y herramientas necesarias para llevar a cabo 
    investigaciones de mercado. Se enfoca en la recopilación y análisis de datos para apoyar las decisiones estratégicas de marketing.', 37, 8, 3, '3002', 3),
    (110, 'Creatividad Empresarial', 'Este curso se centra en fomentar la innovación dentro del entorno empresarial. 
    Los estudiantes aprenderán técnicas para generar ideas creativas y desarrollar soluciones innovadoras a problemas comerciales.', 1, 8, 3, '4003', 3),
    (111, 'Proyectos Empresariales', 'Este curso guía a los estudiantes a través del proceso de planificación y ejecución de proyectos empresariales. 
    Se cubren temas como la gestión de riesgos, la asignación de recursos y la evaluación de proyectos.', 1, 8, 3, '4006', 3),
    (112, 'Gestion del Talento', 'Este curso aborda la gestión de recursos humanos, incluyendo la contratación, formación, 
    y retención de empleados. Se cubren estrategias para desarrollar una fuerza laboral eficaz y motivada.', 1, 8, 3, '3001', 3),
    (113, 'Negocios Internacionales', 'Este curso se enfoca en los desafíos y oportunidades de los negocios internacionales. 
    Los estudiantes aprenderán sobre el comercio global, la inversión extranjera y la gestión de empresas multinacionales.', 1, 8, 3, '3004', 3),
    (114, 'Innovacion y Sustentabilidad', 'Este curso explora cómo las empresas pueden ser innovadoras y sostenibles. 
    Se cubren temas como la responsabilidad social corporativa y el desarrollo de productos sostenibles.', 1, 8, 3, '4008', 3),
    (115, 'Tributacion y Entorno Legal', 'Este curso proporciona una comprensión de los sistemas tributarios y el entorno legal 
    que afecta a las empresas. Los estudiantes aprenderán a navegar por la legislación fiscal y a planificar estratégicamente los impuestos.', 22, 3, 3, '4008', 3),
    (116, 'Analisis Estrategico ADM', 'Este curso enseña a los estudiantes a desarrollar y ejecutar estrategias empresariales efectivas. 
    Se enfoca en el análisis competitivo, la formulación de estrategias y la implementación de planes estratégicos.', 1, 8, 5, '4991', 5),
    (117, 'Herramientas Digitales 1', 'Este curso introduce a los estudiantes a las herramientas digitales básicas utilizadas en el campo del arte. 
    Incluye el uso de software para diseño gráfico, edición de imágenes y producción multimedia.', 18, 6, 3, '1101', 3),
    (118, 'Fundamentos de las Artes', 'Este curso cubre los conceptos esenciales y las técnicas básicas en diversas formas de arte. Se enfoca en el desarrollo de habilidades fundamentales para la creación artística.', 7, 5, 3, '1701', 3),
    (119, 'Composicion Visual 1', 'En este curso, los estudiantes aprenderán sobre los principios de la composición visual. Se exploran conceptos como el equilibrio, el contraste y la armonía en el arte visual.', 18, 5, 3, '1201', 3),
    (120, 'Laboratorio de Creacion 1', 'Este laboratorio ofrece un espacio práctico para que los estudiantes experimenten y desarrollen sus habilidades artísticas mediante la creación de proyectos y la aplicación de técnicas aprendidas.', 7, 5, 3, '2701', 3),
    (121, 'Dibujo para Arte y Diseno', 'El curso se centra en el dibujo como una herramienta fundamental para el arte y el diseño. Se abordan técnicas de dibujo que apoyan la creación y visualización de ideas artísticas y de diseño.', 7, 5, 3, '2001', 3),
    (122, 'Fotografia 1', 'Este curso proporciona una introducción a los principios de la fotografía, incluyendo el uso de la cámara, la composición y la edición de imágenes. Los estudiantes aprenderán a capturar y procesar imágenes fotográficas.', 55, 5, 3, '2101', 3),
    (123, 'Fundamentos de Escultura', 'En este curso se exploran las técnicas básicas de escultura. Los estudiantes aprenderán sobre los materiales, herramientas y procesos utilizados en la creación de obras escultóricas.', 7, 5, 3, '1204', 3),
    (124, 'Teoria Critica 1: Arte & Media', 'Este curso examina las teorías críticas relacionadas con el arte y los medios de comunicación. Los estudiantes analizarán cómo el arte se relaciona con los medios y la cultura contemporánea.', 56, 2, 3, '2101', 3),
    (125, 'Nuevos Medios', 'El curso explora el uso de nuevos medios y tecnologías en el arte contemporáneo. Se cubren temas como el arte digital, la interacción y la instalación multimedia.', 7, 5, 3, '2802', 3),
    (126, 'Arte Contemporaneo', 'Este curso se centra en el estudio del arte contemporáneo y sus diferentes movimientos y estilos. Los estudiantes analizarán obras y artistas relevantes en el contexto actual.', 7, 5, 3, '3005', 3),
    (127, 'Laboratorio de Creacion 2', 'En este laboratorio, los estudiantes continuarán desarrollando sus habilidades artísticas a través de la creación de proyectos más avanzados y la aplicación de técnicas complejas.', 7, 5, 3, '2702', 3),
    (128, 'Taller de Arte 1', 'Este taller proporciona un entorno para la práctica intensiva del arte. Los estudiantes trabajarán en proyectos individuales y colaborativos para desarrollar su estilo y técnica artística.', 7, 5, 3, '1', 3),
    (129, 'Coloquios_ART', 'El curso de coloquios ofrece un espacio para la discusión y análisis crítico de temas relacionados con el arte. Los estudiantes participarán en debates y presentaciones sobre temas actuales y relevantes.', 7, 5, 1, '0001', 1),
    (130, 'Arte y Contexto Social', 'Este curso examina la relación entre el arte y el contexto social en el que se produce. Se analiza cómo el arte refleja y afecta las dinámicas sociales y culturales.', 7, 5, 3, '3704', 3),
    (131, 'Taller de Investigacion', 'Este taller está diseñado para que los estudiantes realicen investigaciones en el campo del arte. Se enfoca en el desarrollo de proyectos de investigación y la aplicación de métodos académicos en la práctica artística.', 56, 2, 3, '3002', 3),
    (132, 'Enfasis 1', 'Este curso permite a los estudiantes profundizar en un área específica del arte según su interés. Se ofrece un enfoque especializado en una disciplina o técnica particular.', 7, 5, 3, '2', 3),
    (133, 'Taller de Arte 2', 'En este taller, los estudiantes continuarán trabajando en proyectos artísticos más complejos y avanzados. Se fomenta el desarrollo personal del estilo y la técnica de cada estudiante.', 7, 5, 3, '4', 3),
    (134, 'Enfasis 2', 'Este curso ofrece una oportunidad para que los estudiantes se especialicen en una segunda área de interés dentro del arte, permitiendo un enfoque más profundo en una disciplina o técnica particular.', 7, 5, 3, '3', 3),
    (135, 'Gestion y Produccion Cultural', 'El curso aborda la gestión y producción de eventos culturales y artísticos. Se cubren aspectos como la planificación, ejecución y promoción de actividades culturales.', 7, 5, 3, '3', 3),
    (136, 'Laboratorio de Creacion 3', 'Este laboratorio proporciona a los estudiantes un espacio para la creación de proyectos artísticos avanzados. Los estudiantes tendrán la oportunidad de experimentar con técnicas y materiales innovadores.', 7, 5, 3, '4703', 3),
    (137, 'Matematicas Cotidianas', 'Este curso cubre conceptos matemáticos aplicados a situaciones cotidianas. Se enfoca en el uso de matemáticas para resolver problemas prácticos en la vida diaria.', 38, 1, 3, '1001', 3),
    (138, 'Enfasis 3', 'El curso permite a los estudiantes explorar una tercera área de interés dentro del arte. Se ofrece un enfoque especializado en una disciplina o técnica adicional.', 7, 5, 3, '5', 3),
    (139, 'Taller de Arte 3', 'En este taller final, los estudiantes desarrollarán proyectos artísticos avanzados y completos. Se enfoca en la aplicación de técnicas avanzadas y la culminación del aprendizaje artístico.', 7, 5, 3, '6', 3),
    (140, 'Arte y Educacion / Curaduria', 'Este curso explora la intersección entre el arte y la educación, así como la práctica de la curaduría en el ámbito artístico. Se enfoca en la planificación educativa y la organización de exposiciones.', 7, 5, 3, '', 3),
    (141, 'Temas en Comunicacion y Arte', 'El curso se centra en temas contemporáneos relacionados con la comunicación y el arte. Los estudiantes examinarán cómo el arte se comunica a través de diferentes medios y contextos.', 56, 5, 3, '', 3),
    (142, 'Produccion & Exhibicion', 'Este curso culmina con la realización de un proyecto artístico final, donde los estudiantes presentan y exhiben su trabajo. Se enfoca en la producción, presentación y evaluación de proyectos artísticos.', 7, 5, 5, '4991', 3),
    (143, 'Programación Para Diseño 1', 
    'Este curso introduce a los estudiantes a los conceptos básicos de programación \
    aplicados al diseño. Los estudiantes aprenderán a utilizar herramientas \
    de programación para desarrollar proyectos interactivos. Se enfatiza el uso de \
    lenguajes de programación para crear interfaces dinámicas y prototipos digitales.', 
    17, 15, 3, '1001', 3),
    (144, 'Programación Para Diseño 2', 
    'En este curso, los estudiantes profundizarán en técnicas avanzadas de programación \
    aplicadas al diseño. Se abordarán temas como la programación orientada a objetos, \
    el uso de bibliotecas gráficas y la optimización de código para mejorar la experiencia \
    del usuario en productos interactivos. También se explorarán lenguajes de programación \
    específicos para el diseño multimedia.', 
    17, 15, 3, '2102', 3),
    (145, 'Programación Para Diseño 3', 
    'Este curso finaliza la serie de programación enfocada en diseño, cubriendo temas \
    avanzados como la creación de motores gráficos personalizados, la simulación de \
    interacciones físicas en entornos virtuales y la integración de programación con \
    software de diseño 3D. Los estudiantes aplicarán sus conocimientos en un proyecto \
    integral de diseño interactivo.', 
    17, 15, 3, '3103', 3),
    (146, 'Juegos y Narrativa', 
    'Este curso explora la relación entre los videojuegos y la narrativa interactiva. \
    Los estudiantes analizarán cómo se construyen historias en entornos digitales \
    y aprenderán a diseñar juegos con un enfoque narrativo. Se estudiarán casos \
    relevantes y se realizarán proyectos que fusionen la creación de juegos con \
    la narración de historias.' , 
    17, 15, 3, '4001', 3),
    (147, 'Modelado 3D 1', 
    'Este curso enseña las bases del modelado 3D para el diseño y la animación. \
    Los estudiantes aprenderán técnicas fundamentales para la creación de objetos \
    tridimensionales, trabajando con software de modelado 3D. Se explorarán conceptos \
    como la topología, las texturas y el renderizado de escenas.', 
    3, 15, 3, '2201', 3),
    (148, 'Cálculo para Ciencias 1', 
    'Este curso introduce los conceptos básicos del cálculo diferencial e integral. \
    Los estudiantes aprenderán sobre límites, derivadas y su aplicación en problemas \
    de ciencias e ingeniería. También se cubren conceptos de integrales y su relación \
    con el área bajo curvas.', 
    38, 1, 3, 1301, 4),
    (149, 'Teoría de Grupos', 
    'Este curso presenta una introducción formal a la teoría de grupos, una rama \
    fundamental del álgebra abstracta. Los estudiantes aprenderán sobre grupos, \
    subgrupos, homomorfismos y aplicaciones en diversas áreas de la matemática pura \
    y aplicada, así como en la física.', 
    38, 1, 3, 3501, 3),
    (150, 'Variable Compleja', 
    'Este curso se enfoca en el análisis de funciones de una variable compleja. \
    Se estudiarán los números complejos, funciones holomorfas, integrales de línea \
    y series de Laurent, con aplicaciones en la resolución de problemas \
    en física y matemáticas avanzadas.', 
    38, 1, 3, 3002, 3),
    (151, 'Ecuaciones Diferenciales', 
    'Este curso cubre la teoría y métodos para resolver ecuaciones diferenciales \
    ordinarias, que son fundamentales en la modelización de fenómenos \
    en ciencias e ingeniería. Los estudiantes explorarán técnicas analíticas y \
    numéricas para resolver ecuaciones de primer y segundo orden.', 
    38, 1, 3, 2002, 3),
    (152, 'Cálculo para Ciencias 2', 
    'Una continuación de Cálculo para Ciencias 1, este curso profundiza en el cálculo \
    integral, cubriendo técnicas de integración más avanzadas. También se introduce \
    el cálculo vectorial, que es clave en la resolución de problemas \
    multivariables en la ciencia y la ingeniería.', 
    38, 1, 3, 1302, 5),
    (153, 'Introducción a Probabilidades', 
    'Este curso introduce los conceptos fundamentales de la teoría de probabilidades, \
    incluyendo el espacio muestral, variables aleatorias, distribuciones de probabilidad \
    y el teorema central del límite. Se enfoca en aplicaciones prácticas \
    en estadísticas y modelado de incertidumbre.', 
    38, 1, 3, 2003, 3),
    (154, 'Fundamentos de Geometría', 
    'Este curso presenta una introducción a la geometría euclidiana y no euclidiana. \
    Se estudiarán axiomas, teoremas y construcciones geométricas, con énfasis en \
    el razonamiento lógico y la demostración formal. Además, se exploran \
    las aplicaciones de la geometría en otras ramas de las matemáticas.', 
    38, 1, 3, 2006, 3),
    (155, 'Lógica y Teoría de Conjuntos', 
    'Este curso cubre los fundamentos de la lógica matemática y la teoría de conjuntos. \
    Se introducen los sistemas formales, el razonamiento deductivo, \
    y los principios de conjuntos, relaciones, funciones y cardinalidad, \
    que son esenciales en matemáticas puras y aplicadas.', 
    38, 1, 3, 2007, 3),
    (156, 'Inferencia Estadística', 
    'Este curso presenta los principios de la inferencia estadística, incluyendo \
    estimación de parámetros, pruebas de hipótesis y análisis de varianza. \
    Los estudiantes aprenderán técnicas estadísticas para el análisis \
    e interpretación de datos, aplicables en diversas disciplinas científicas.', 
    38, 1, 3, 2010, 3),
    (157, 'Análisis Numérico', 
    'Este curso explora métodos numéricos para la resolución de ecuaciones \
    diferenciales, integración numérica, y álgebra lineal. Se enfatiza \
    en la implementación de algoritmos en la computadora y la \
    evaluación de la precisión de los resultados obtenidos.', 
    38, 1, 3, 3001, 3),
    (158, 'Teoría de Números', 
    'Este curso presenta los conceptos fundamentales de la teoría de números, \
    con un enfoque en divisibilidad, congruencias, y funciones aritméticas. \
    Los estudiantes aprenderán sobre el teorema de los números primos \
    y aplicaciones de la teoría de números en criptografía.', 
    38, 1, 3, 3004, 3),
    (159, 'Combinatoria y Grafos', 
    'Este curso cubre los principios de la combinatoria y la teoría de grafos. \
    Los estudiantes aprenderán sobre técnicas de conteo, combinaciones, \
    permutaciones y la estructura de grafos, con aplicaciones en \
    optimización y análisis de redes.', 
    38, 1, 3, 3005, 3),
    (160, 'Ecuaciones Diferenciales Parciales', 
    'Este curso presenta los fundamentos de las ecuaciones diferenciales parciales, \
    que son esenciales para modelar fenómenos en física y matemáticas aplicadas. \
    Se estudiarán técnicas para resolver ecuaciones de primer y segundo orden, \
    con aplicaciones en la dinámica de fluidos y la transferencia de calor.', 
    38, 1, 3, 3080, 3),
    (161, 'Álgebra Lineal 2', 
    'Este curso es una continuación de Álgebra Lineal 1, cubriendo temas avanzados \
    como espacios vectoriales, transformaciones lineales, y formas cuadráticas. \
    Los estudiantes también aprenderán sobre valores propios y vectores propios, \
    con aplicaciones en diversas áreas de las matemáticas.', 
    38, 1, 3, 3402, 3),
    (162, 'Álgebra Abstracta 1', 
    'Este curso cubre los fundamentos del álgebra abstracta, con un enfoque \
    en los grupos, anillos y campos. Los estudiantes desarrollarán habilidades \
    en razonamiento abstracto y demostración matemática, aplicables en \
    áreas como la teoría de números y la geometría algebraica.', 
    38, 1, 3, 3501, 3),
    (163, 'Geometría Diferencial', 
    'Este curso introduce la teoría de superficies y curvas en el espacio euclidiano. \
    Los estudiantes explorarán la geometría intrínseca y extrínseca, \
    aplicando conceptos como curvatura y torsión. La geometría diferencial \
    tiene aplicaciones en la física teórica y la ingeniería.', 
    38, 1, 3, 4002, 3),
    (164, 'Análisis Funcional', 
    'Este curso se enfoca en los espacios vectoriales normados y sus aplicaciones \
    en análisis. Se cubren conceptos como espacios de Hilbert y de Banach, \
    operadores lineales y teoremas de punto fijo. Es un área crucial \
    para el análisis en espacios infinitos.', 
    38, 1, 3, 4005, 3),
    (165, 'Álgebra Abstracta 2', 
    'Una continuación de Álgebra Abstracta 1, este curso cubre temas más avanzados \
    relacionados con los anillos, ideales, cuerpos y homomorfismos. Los estudiantes \
    también explorarán la teoría de Galois y sus aplicaciones en la resolución \
    de ecuaciones polinómicas.', 
    38, 1, 3, 4502, 3),
    (166, 'Topología 1', 
    'Este curso introduce los conceptos básicos de topología, el estudio de \
    las propiedades geométricas que permanecen invariantes bajo deformaciones. \
    Se cubren tópicos como espacios topológicos, continuidad, y conexiones \
    con otras ramas de las matemáticas, como la geometría diferencial.', 
    38, 1, 3, 4601, 3),
    (167, 'Topología 2', 
    'Una continuación de Topología 1, este curso cubre temas avanzados \
    de topología algebraica. Los estudiantes aprenderán sobre homotopía, \
    grupos fundamentales y teoría de homología, aplicando estos conceptos \
    a problemas geométricos y físicos.', 
    38, 1, 3, 4602, 3),
    (168, 'Análisis Real', 
    'Este curso explora las bases del análisis real, un área clave de la matemática \
    que estudia los números reales, funciones y secuencias. Se cubren temas \
    como convergencia de series, continuidad, y derivación, con énfasis en \
    demostraciones rigurosas y aplicaciones en el cálculo avanzado.', 
    38, 1, 3, 4003, 3),
    (169, 'Improvisación', 
    'Este curso introduce las técnicas de improvisación en la danza contemporánea. \
    Los estudiantes explorarán el movimiento espontáneo y la creatividad corporal \
    como herramientas para la creación artística. Se enfatiza en la conexión con \
    el espacio y los compañeros a través del movimiento libre.', 
    57, 5, 3, 1001, 3),
    (170, 'Danza Moderna 2', 
    'Una continuación de Danza Moderna 1, este curso profundiza en las técnicas \
    avanzadas de la danza moderna. Los estudiantes aprenderán nuevas combinaciones \
    coreográficas y trabajarán en la expresión emocional a través del movimiento. \
    El curso enfatiza el control corporal y la técnica de salto.', 
    57, 5, 3, 2102, 3),
    (171, 'Barra para danza contemporánea', 
    'Este curso se enfoca en el entrenamiento de barra adaptado a la danza contemporánea. \
    Los estudiantes practicarán ejercicios de técnica en barra, mejorando la alineación, \
    fuerza y flexibilidad. El curso busca desarrollar el control postural y \
    la precisión en los movimientos técnicos.', 
    57, 5, 3, 3002, 3),
    (172, 'Composición', 
    'Este curso introduce los principios de la composición coreográfica. Los estudiantes \
    aprenderán a crear secuencias de movimientos a partir de la improvisación y la técnica. \
    Se explorarán diferentes estructuras coreográficas y estilos de composición, \
    con énfasis en la creación de piezas originales.', 
    57, 5, 3, 3001, 3),
    (173, 'Performance', 
    'Este curso prepara a los estudiantes para la interpretación en vivo de una pieza \
    coreográfica. Se trabaja en el desarrollo de la presencia escénica, la conexión \
    con el público y la ejecución precisa de la coreografía. El curso incluye \
    presentaciones públicas y evaluación de la performance.', 
    57, 5, 3, 1004, 3),
    (174, 'Proyecto final en Danza', 
    'El Proyecto Final en Danza es la culminación de los estudios en danza contemporánea. \
    Los estudiantes deben crear, desarrollar y presentar una obra coreográfica original, \
    aplicando los conocimientos adquiridos durante la carrera. El proyecto final \
    será evaluado por un jurado de expertos en danza.', 
    57, 5, 5, 4002, 1),
    (175, 'Lenguaje del Cine', 
    'Este curso explora los fundamentos del lenguaje cinematográfico, incluyendo la \
    gramática visual y la narrativa. Los estudiantes aprenderán sobre la estructura \
    narrativa, el uso del encuadre, y cómo los elementos visuales y sonoros \
    contribuyen a la narrativa cinematográfica.', 
    12, 5, 3, 1002, 3),
    (176, 'Lenguaje Visual y Montaje', 
    'En este curso, se estudian los principios del lenguaje visual y las técnicas de montaje. \
    Se analiza cómo el montaje y la edición afectan la narrativa y la percepción del espectador. \
    Los estudiantes desarrollarán habilidades prácticas en el uso del montaje para crear \
    cohesión y ritmo en sus proyectos cinematográficos.', 
    12, 5, 3, 2007, 3),
    (177, 'Cinematografía', 
    'El curso de Cinematografía aborda los aspectos técnicos y artísticos de la fotografía en cine. \
    Los estudiantes aprenderán sobre iluminación, composición, y la selección de equipos para \
    capturar imágenes que apoyen la narrativa y el estilo visual de una película.', 
    12, 5, 3, 2008, 3),
    (178, 'Sonido', 
    'Este curso se centra en la producción y diseño de sonido para cine. Los estudiantes \
    aprenderán a capturar, editar y mezclar sonido para complementar y enriquecer la narrativa \
    visual. Se abordarán aspectos como el diseño de efectos de sonido, la sincronización y la \
    mezcla final.', 
    12, 5, 3, 2003, 3),
    (179, 'Storytelling', 
    'El curso de Storytelling enseña cómo construir y desarrollar narrativas efectivas en el cine. \
    Los estudiantes explorarán técnicas para desarrollar personajes, tramas, y conflictos, y cómo \
    estos elementos se combinan para crear una historia convincente y emocionalmente resonante.', 
    12, 5, 3, 2006, 3),
    (180, 'Diseño de Producción', 
    'Este curso se enfoca en el diseño y la planificación de la producción cinematográfica. \
    Los estudiantes aprenderán a conceptualizar y diseñar los elementos visuales de una película, \
    incluyendo escenarios, decorados y vestuario, para crear una atmósfera y un estilo visual que \
    apoye la narrativa.', 
    12, 5, 3, 2012, 3),
    (181, 'Inv. de Operaciones 1 +Lab', 
    'Este curso proporciona una introducción a los principios y técnicas de investigación de operaciones. \
    Incluye el estudio de modelos matemáticos y algoritmos para optimización en sistemas de producción y \
    logística. El componente de laboratorio permite a los estudiantes aplicar estos conceptos en escenarios prácticos.', 
    34, 4, 3, 2101, 3),
    (182, 'Control de Producción', 
    'En este curso se estudian las técnicas y herramientas para el control y la gestión de procesos de producción. \
    Se cubren temas como la programación de la producción, el control de inventarios, y la mejora de la eficiencia. \
    Los estudiantes aprenderán a utilizar sistemas de control para garantizar la calidad y eficiencia en la producción.', 
    34, 4, 3, 3001, 3),
    (183, 'Procesos, Métodos y Estándares', 
    'Este curso explora el diseño y la mejora de procesos en la industria. Los estudiantes aprenderán sobre métodos para \
    optimizar procesos, establecer estándares operativos y medir el rendimiento. Se enfoca en técnicas para mejorar la eficiencia \
    y la calidad en los procesos de producción.', 
    34, 4, 3, 3002, 3),
    (184, 'Ergonomía', 
    'El curso de Ergonomía aborda el diseño de entornos de trabajo que maximicen la comodidad y la productividad. \
    Se estudian los principios de diseño ergonómico aplicados a estaciones de trabajo, herramientas y equipos. \
    Los estudiantes aprenderán a identificar y corregir problemas ergonómicos para mejorar la salud y el bienestar en el trabajo.', 
    34, 4, 3, 3006, 3),
    (185, 'Ingeniería de la Calidad + Lab', 
    'Este curso se centra en los métodos y técnicas para garantizar la calidad en procesos de producción. \
    Incluye el estudio de sistemas de gestión de calidad, técnicas de control estadístico de calidad, y auditorías. \
    El componente de laboratorio proporciona experiencia práctica en la aplicación de estos métodos para asegurar la calidad.', 
    34, 4, 3, 3007, 3),
    (186, 'Sistemas Lean', 
    'El curso de Sistemas Lean se enfoca en los principios y prácticas de la metodología Lean para la mejora continua en la \
    producción. Los estudiantes aprenderán sobre la eliminación de desperdicios, la mejora de procesos y la optimización de la \
    cadena de valor para aumentar la eficiencia y reducir costos.', 
    34, 4, 3, 4010, 3);

-- Insertar datos en la tabla Curso
INSERT INTO Curso (Curso_id, Asignatura_id, Profesor_id, Horario_id, Campus_id, Modalidad_id, Edificio_id, Cupo, Aula) VALUES
    (1, 1, 32, 6, 3, 4, 2, 35, 118),
    (2, 1, 173, 2, 2, 3, 3, 50, 202),
    (3, 1, 55, 5, 3, 1, 2, 25, 100),
    (4, 1, 86, 9, 3, 1, 19, 20, 102),
    (5, 1, 168, 9, 2, 3, 14, 20, 301),
    (6, 2, 85, 6, 1, 4, 2, 20, 203),
    (7, 2, 18, 6, 2, 3, 20, 40, 209),
    (8, 2, 141, 3, 1, 4, 2, 45, 200),
    (9, 2, 172, 10, 2, 2, 14, 40, 216),
    (10, 2, 206, 8, 1, 1, 8, 30, 304),
    (11, 3, 9, 2, 3, 4, 16, 15, 207),
    (12, 3, 197, 5, 1, 2, 4, 35, 117),
    (13, 3, 123, 8, 3, 3, 16, 35, 104),
    (14, 3, 38, 6, 1, 1, 20, 25, 309),
    (15, 3, 183, 2, 2, 3, 20, 15, 201),
    (16, 4, 167, 1, 1, 1, 13, 25, 204),
    (17, 4, 158, 9, 2, 2, 4, 45, 201),
    (18, 4, 61, 10, 2, 3, 5, 15, 114),
    (19, 4, 11, 6, 2, 2, 19, 15, 306),
    (20, 4, 164, 4, 1, 4, 15, 30, 119),
    (21, 5, 11, 10, 3, 3, 10, 50, 106),
    (22, 5, 58, 8, 2, 2, 1, 20, 215),
    (23, 5, 139, 3, 1, 3, 1, 20, 302),
    (24, 5, 73, 5, 2, 4, 22, 50, 303),
    (25, 5, 80, 4, 3, 3, 17, 20, 303),
    (26, 6, 184, 7, 3, 1, 13, 15, 203),
    (27, 6, 118, 3, 2, 3, 10, 25, 306),
    (28, 6, 17, 6, 1, 4, 11, 30, 214),
    (29, 6, 53, 1, 1, 1, 6, 30, 217),
    (30, 6, 159, 8, 1, 3, 15, 30, 100),
    (31, 7, 109, 10, 3, 1, 16, 20, 109),
    (32, 7, 113, 8, 3, 1, 20, 30, 305),
    (33, 7, 212, 4, 2, 4, 11, 15, 212),
    (34, 7, 149, 10, 3, 3, 7, 25, 214),
    (35, 7, 140, 10, 2, 4, 10, 25, 100),
    (36, 8, 10, 7, 1, 3, 7, 45, 201),
    (37, 8, 91, 6, 1, 2, 18, 45, 211),
    (38, 8, 111, 1, 1, 3, 13, 15, 302),
    (39, 8, 189, 9, 3, 2, 5, 15, 213),
    (40, 8, 144, 4, 1, 1, 20, 50, 111),
    (41, 9, 89, 7, 3, 4, 10, 30, 107),
    (42, 9, 126, 9, 2, 3, 19, 45, 215),
    (43, 9, 176, 7, 2, 4, 1, 50, 215),
    (44, 9, 22, 3, 1, 3, 13, 15, 114),
    (45, 9, 122, 1, 2, 3, 18, 50, 306),
    (46, 10, 78, 10, 1, 2, 16, 40, 309),
    (47, 10, 205, 10, 1, 4, 9, 45, 110),
    (48, 10, 10, 3, 2, 2, 6, 45, 212),
    (49, 10, 110, 7, 1, 4, 8, 30, 119),
    (50, 10, 137, 6, 3, 2, 4, 20, 206),
    (51, 11, 91, 6, 3, 4, 12, 20, 202),
    (52, 11, 68, 9, 2, 1, 18, 25, 305),
    (53, 11, 206, 9, 1, 4, 22, 50, 203),
    (54, 11, 21, 3, 2, 1, 14, 40, 215),
    (55, 11, 17, 6, 3, 1, 14, 35, 101),
    (56, 12, 75, 4, 3, 1, 1, 45, 102),
    (57, 12, 169, 9, 2, 3, 2, 50, 203),
    (58, 12, 149, 10, 1, 2, 11, 35, 215),
    (59, 12, 72, 8, 1, 2, 22, 25, 216),
    (60, 12, 202, 8, 1, 4, 19, 20, 300),
    (61, 13, 136, 5, 1, 1, 12, 25, 219),
    (62, 13, 103, 6, 2, 3, 14, 30, 100),
    (63, 13, 173, 3, 2, 1, 16, 35, 201),
    (64, 13, 93, 8, 2, 1, 22, 15, 216),
    (65, 13, 26, 9, 3, 3, 3, 25, 305),
    (66, 14, 77, 6, 2, 4, 12, 30, 208),
    (67, 14, 203, 3, 3, 4, 15, 40, 104),
    (68, 14, 31, 5, 3, 1, 4, 30, 114),
    (69, 14, 199, 5, 3, 3, 6, 45, 210),
    (70, 14, 201, 4, 1, 1, 22, 20, 202),
    (71, 15, 99, 1, 2, 4, 21, 25, 216),
    (72, 15, 162, 8, 2, 4, 3, 15, 204),
    (73, 15, 63, 4, 2, 3, 17, 35, 218),
    (74, 15, 17, 2, 3, 4, 5, 45, 302),
    (75, 15, 67, 9, 1, 1, 17, 20, 110),
    (76, 16, 205, 6, 1, 2, 11, 40, 101),
    (77, 16, 129, 1, 2, 2, 12, 35, 111),
    (78, 16, 67, 9, 1, 2, 5, 35, 107),
    (79, 16, 24, 8, 1, 1, 22, 25, 111),
    (80, 16, 115, 5, 1, 2, 21, 15, 306),
    (81, 17, 59, 9, 2, 4, 15, 45, 212),
    (82, 17, 206, 8, 3, 2, 7, 15, 104),
    (83, 17, 116, 9, 1, 3, 12, 15, 111),
    (84, 17, 142, 5, 1, 4, 9, 25, 210),
    (85, 17, 197, 8, 3, 2, 19, 45, 104),
    (86, 18, 104, 6, 3, 3, 13, 50, 211),
    (87, 18, 98, 3, 2, 4, 1, 20, 308),
    (88, 18, 159, 10, 3, 3, 13, 15, 215),
    (89, 18, 196, 2, 2, 4, 10, 25, 110),
    (90, 18, 200, 3, 1, 2, 6, 50, 215),
    (91, 19, 136, 9, 1, 4, 9, 40, 100),
    (92, 19, 25, 3, 2, 4, 6, 15, 104),
    (93, 19, 209, 6, 1, 4, 8, 25, 116),
    (94, 19, 80, 10, 3, 3, 6, 20, 100),
    (95, 19, 118, 2, 1, 2, 19, 30, 113),
    (96, 20, 15, 6, 2, 3, 15, 50, 106),
    (97, 20, 180, 7, 3, 2, 16, 50, 206),
    (98, 20, 201, 6, 1, 1, 20, 15, 210),
    (99, 20, 69, 7, 3, 4, 2, 20, 117),
    (100, 20, 140, 9, 1, 1, 3, 30, 116),
    (101, 21, 71, 5, 2, 4, 18, 45, 206),
    (102, 21, 43, 2, 2, 1, 9, 40, 114),
    (103, 21, 73, 6, 1, 3, 17, 35, 201),
    (104, 21, 12, 3, 2, 3, 7, 45, 211),
    (105, 21, 159, 5, 3, 3, 10, 20, 301),
    (106, 22, 41, 4, 3, 1, 21, 15, 100),
    (107, 22, 94, 5, 3, 3, 2, 40, 210),
    (108, 22, 150, 2, 1, 4, 13, 50, 215),
    (109, 22, 93, 7, 3, 3, 3, 50, 111),
    (110, 22, 9, 1, 2, 3, 16, 45, 208),
    (111, 23, 135, 6, 3, 1, 22, 15, 103),
    (112, 23, 89, 4, 3, 1, 12, 20, 214),
    (113, 23, 193, 3, 2, 3, 1, 50, 106),
    (114, 23, 49, 5, 1, 2, 16, 30, 307),
    (115, 23, 139, 4, 1, 1, 7, 25, 109),
    (116, 24, 128, 2, 2, 2, 17, 50, 103),
    (117, 24, 81, 9, 2, 4, 12, 40, 300),
    (118, 24, 70, 8, 2, 1, 21, 20, 109),
    (119, 24, 67, 2, 3, 2, 14, 40, 206),
    (120, 24, 125, 2, 3, 1, 21, 45, 108),
    (121, 25, 10, 7, 2, 3, 2, 30, 304),
    (122, 25, 205, 1, 2, 4, 8, 30, 304),
    (123, 25, 180, 1, 3, 1, 20, 30, 213),
    (124, 25, 67, 10, 1, 4, 22, 50, 214),
    (125, 25, 169, 9, 3, 2, 1, 20, 211),
    (126, 26, 61, 3, 2, 4, 15, 15, 109),
    (127, 26, 113, 10, 1, 3, 20, 50, 202),
    (128, 26, 49, 8, 3, 4, 22, 15, 115),
    (129, 26, 83, 9, 1, 1, 11, 40, 308),
    (130, 26, 185, 9, 2, 4, 8, 45, 106),
    (131, 27, 174, 3, 1, 4, 17, 35, 212),
    (132, 27, 30, 2, 1, 2, 2, 35, 304),
    (133, 27, 101, 8, 3, 1, 12, 40, 200),
    (134, 27, 176, 7, 2, 2, 13, 35, 213),
    (135, 27, 11, 5, 1, 2, 7, 50, 305),
    (136, 28, 1, 2, 1, 4, 8, 15, 304),
    (137, 28, 116, 3, 2, 1, 17, 15, 102),
    (138, 28, 90, 6, 3, 2, 12, 35, 301),
    (139, 28, 96, 8, 2, 2, 17, 40, 118),
    (140, 28, 129, 6, 2, 1, 17, 45, 300),
    (141, 29, 13, 4, 2, 2, 8, 35, 119),
    (142, 29, 136, 9, 1, 2, 19, 20, 111),
    (143, 29, 36, 2, 3, 1, 13, 50, 208),
    (144, 29, 79, 3, 2, 4, 19, 25, 305),
    (145, 29, 140, 2, 2, 2, 14, 20, 100),
    (146, 30, 44, 1, 1, 3, 5, 50, 216),
    (147, 30, 110, 6, 1, 2, 11, 45, 100),
    (148, 30, 167, 1, 2, 4, 11, 40, 305),
    (149, 30, 172, 7, 2, 4, 18, 15, 218),
    (150, 30, 30, 10, 3, 2, 6, 50, 102),
    (151, 31, 181, 5, 2, 3, 9, 30, 301),
    (152, 31, 36, 6, 2, 4, 22, 15, 119),
    (153, 31, 37, 6, 2, 2, 15, 30, 302),
    (154, 31, 193, 9, 1, 4, 1, 40, 109),
    (155, 31, 88, 1, 1, 3, 9, 45, 205),
    (156, 32, 155, 8, 1, 2, 6, 45, 211),
    (157, 32, 144, 6, 2, 1, 10, 45, 103),
    (158, 32, 80, 4, 3, 3, 5, 15, 217),
    (159, 32, 43, 9, 2, 1, 3, 35, 102),
    (160, 32, 154, 9, 2, 1, 3, 50, 118),
    (161, 33, 177, 9, 1, 4, 16, 40, 214),
    (162, 33, 7, 7, 2, 1, 13, 40, 309),
    (163, 33, 76, 10, 1, 4, 22, 40, 301),
    (164, 33, 2, 5, 1, 1, 14, 30, 108),
    (165, 33, 189, 6, 3, 4, 5, 20, 119),
    (166, 34, 74, 5, 3, 4, 7, 20, 214),
    (167, 34, 20, 10, 1, 2, 4, 50, 202),
    (168, 34, 185, 10, 3, 4, 22, 20, 216),
    (169, 34, 155, 10, 3, 2, 20, 35, 106),
    (170, 34, 138, 5, 2, 4, 17, 20, 205),
    (171, 35, 91, 9, 2, 3, 3, 45, 111),
    (172, 35, 78, 9, 1, 1, 15, 35, 115),
    (173, 35, 64, 3, 2, 2, 6, 40, 306),
    (174, 35, 162, 10, 3, 3, 22, 50, 116),
    (175, 35, 13, 1, 2, 3, 1, 45, 209),
    (176, 36, 201, 5, 3, 4, 17, 35, 113),
    (177, 36, 80, 10, 2, 1, 22, 20, 201),
    (178, 36, 176, 6, 2, 4, 16, 30, 103),
    (179, 36, 144, 3, 2, 2, 3, 20, 214),
    (180, 36, 19, 4, 1, 1, 10, 35, 117),
    (181, 37, 33, 5, 2, 3, 22, 50, 309),
    (182, 37, 82, 3, 3, 4, 17, 15, 205),
    (183, 37, 175, 7, 3, 4, 13, 20, 108),
    (184, 37, 143, 10, 3, 2, 3, 40, 208),
    (185, 37, 180, 7, 3, 1, 5, 40, 111),
    (186, 38, 197, 5, 1, 3, 9, 35, 205),
    (187, 38, 181, 2, 3, 4, 21, 30, 107),
    (188, 38, 67, 6, 1, 4, 17, 30, 100),
    (189, 38, 105, 4, 2, 4, 3, 50, 306),
    (190, 38, 188, 4, 1, 2, 9, 20, 104),
    (191, 39, 50, 8, 1, 4, 5, 15, 109),
    (192, 39, 209, 5, 3, 1, 7, 15, 203),
    (193, 39, 186, 4, 3, 2, 2, 30, 310),
    (194, 39, 183, 8, 3, 2, 14, 40, 205),
    (195, 39, 77, 1, 1, 4, 4, 45, 304),
    (196, 40, 182, 2, 3, 3, 22, 15, 206),
    (197, 40, 129, 7, 2, 1, 19, 45, 304),
    (198, 40, 197, 6, 1, 3, 19, 40, 117),
    (199, 40, 114, 8, 1, 1, 2, 30, 209),
    (200, 40, 201, 8, 3, 2, 6, 20, 105),
    (201, 41, 34, 9, 2, 3, 22, 25, 208),
    (202, 41, 126, 5, 1, 4, 1, 20, 211),
    (203, 41, 194, 1, 3, 4, 7, 25, 107),
    (204, 41, 35, 10, 3, 4, 15, 30, 106),
    (205, 41, 75, 10, 1, 2, 18, 50, 211),
    (206, 42, 3, 6, 2, 4, 19, 20, 113),
    (207, 42, 207, 9, 1, 4, 17, 35, 103),
    (208, 42, 72, 7, 3, 3, 17, 50, 309),
    (209, 42, 170, 10, 3, 3, 4, 30, 309),
    (210, 42, 107, 7, 3, 2, 9, 30, 108),
    (211, 43, 76, 9, 1, 4, 4, 50, 110),
    (212, 43, 138, 2, 1, 3, 11, 35, 307),
    (213, 43, 132, 6, 3, 3, 13, 50, 205),
    (214, 43, 81, 2, 3, 1, 18, 20, 113),
    (215, 43, 167, 6, 1, 1, 3, 50, 116),
    (216, 44, 62, 5, 3, 2, 8, 35, 219),
    (217, 44, 125, 8, 3, 4, 19, 15, 214),
    (218, 44, 155, 8, 2, 1, 15, 30, 207),
    (219, 44, 33, 5, 2, 2, 7, 25, 104),
    (220, 44, 184, 3, 3, 3, 5, 15, 201),
    (221, 45, 203, 8, 2, 2, 1, 40, 111),
    (222, 45, 196, 2, 1, 2, 18, 50, 202),
    (223, 45, 1, 8, 1, 2, 6, 25, 212),
    (224, 45, 181, 10, 3, 2, 14, 50, 218),
    (225, 45, 160, 3, 1, 4, 18, 40, 208),
    (226, 46, 29, 9, 1, 4, 14, 20, 115),
    (227, 46, 178, 10, 3, 1, 16, 40, 305),
    (228, 46, 51, 9, 2, 3, 17, 25, 214),
    (229, 46, 71, 9, 1, 1, 12, 25, 107),
    (230, 46, 187, 7, 1, 4, 22, 15, 119),
    (231, 47, 148, 8, 1, 1, 9, 15, 201),
    (232, 47, 1, 4, 3, 3, 10, 20, 113),
    (233, 47, 75, 10, 1, 3, 11, 25, 101),
    (234, 47, 25, 10, 1, 3, 11, 30, 209),
    (235, 47, 87, 5, 2, 2, 7, 45, 217),
    (236, 48, 123, 3, 1, 4, 8, 30, 205),
    (237, 48, 81, 10, 3, 1, 4, 50, 303),
    (238, 48, 163, 6, 1, 2, 18, 40, 305),
    (239, 48, 83, 3, 1, 2, 16, 40, 115),
    (240, 48, 59, 9, 1, 4, 12, 50, 118),
    (241, 49, 211, 5, 2, 2, 21, 20, 104),
    (242, 49, 37, 7, 3, 3, 16, 35, 106),
    (243, 49, 83, 2, 2, 4, 22, 30, 300),
    (244, 49, 76, 5, 3, 2, 22, 35, 302),
    (245, 49, 45, 3, 1, 1, 16, 20, 217),
    (246, 50, 13, 5, 3, 4, 6, 20, 212),
    (247, 50, 7, 2, 2, 3, 1, 20, 117),
    (248, 50, 27, 8, 2, 3, 5, 30, 306),
    (249, 50, 81, 10, 3, 4, 6, 15, 105),
    (250, 50, 172, 7, 2, 2, 14, 50, 110),
    (251, 51, 192, 7, 2, 4, 7, 30, 202),
    (252, 51, 39, 6, 3, 3, 4, 30, 116),
    (253, 51, 117, 7, 3, 4, 7, 15, 113),
    (254, 51, 27, 7, 3, 4, 6, 50, 209),
    (255, 51, 106, 9, 1, 3, 21, 15, 300),
    (256, 52, 78, 1, 3, 1, 16, 30, 303),
    (257, 52, 137, 3, 2, 1, 18, 15, 117),
    (258, 52, 23, 10, 1, 3, 19, 25, 102),
    (259, 52, 153, 7, 3, 3, 4, 40, 307),
    (260, 52, 1, 4, 1, 1, 3, 45, 200),
    (261, 53, 37, 4, 1, 4, 1, 45, 204),
    (262, 53, 51, 3, 2, 1, 1, 30, 309),
    (263, 53, 179, 10, 2, 3, 22, 40, 207),
    (264, 53, 80, 10, 2, 1, 10, 50, 213),
    (265, 53, 83, 1, 3, 3, 1, 30, 101),
    (266, 54, 117, 6, 1, 1, 4, 20, 105),
    (267, 54, 124, 3, 2, 1, 4, 15, 113),
    (268, 54, 183, 10, 2, 1, 16, 20, 212),
    (269, 54, 50, 7, 3, 2, 7, 25, 103),
    (270, 54, 177, 10, 1, 2, 7, 35, 108),
    (271, 55, 136, 9, 2, 4, 9, 20, 111),
    (272, 55, 91, 9, 1, 2, 16, 40, 113),
    (273, 55, 23, 6, 1, 2, 16, 20, 100),
    (274, 55, 135, 9, 1, 3, 6, 20, 203),
    (275, 55, 142, 2, 2, 4, 20, 25, 219),
    (276, 56, 105, 5, 2, 3, 5, 20, 117),
    (277, 56, 65, 1, 1, 3, 3, 15, 211),
    (278, 56, 146, 1, 1, 3, 15, 20, 219),
    (279, 56, 10, 1, 1, 4, 6, 40, 218),
    (280, 56, 36, 4, 1, 4, 4, 40, 218),
    (281, 57, 87, 8, 1, 1, 2, 30, 115),
    (282, 57, 33, 2, 3, 3, 7, 45, 119),
    (283, 57, 20, 6, 2, 3, 22, 45, 103),
    (284, 57, 147, 4, 2, 1, 4, 25, 208),
    (285, 57, 185, 2, 2, 4, 1, 25, 307),
    (286, 58, 127, 2, 1, 3, 21, 35, 115),
    (287, 58, 41, 7, 1, 4, 20, 50, 110),
    (288, 58, 91, 7, 3, 1, 20, 40, 300),
    (289, 58, 186, 1, 2, 4, 5, 45, 216),
    (290, 58, 188, 2, 3, 4, 10, 30, 113),
    (291, 59, 145, 9, 2, 2, 3, 35, 212),
    (292, 59, 94, 4, 2, 1, 13, 25, 205),
    (293, 59, 61, 10, 2, 4, 21, 50, 100),
    (294, 59, 74, 8, 3, 2, 16, 45, 102),
    (295, 59, 91, 8, 1, 4, 6, 45, 306),
    (296, 60, 161, 6, 2, 4, 3, 40, 303),
    (297, 60, 128, 1, 3, 4, 4, 40, 214),
    (298, 60, 104, 9, 2, 2, 9, 40, 103),
    (299, 60, 64, 1, 2, 3, 14, 25, 214),
    (300, 60, 56, 2, 1, 1, 9, 30, 109),
    (301, 61, 115, 3, 1, 4, 1, 15, 211),
    (302, 61, 159, 7, 2, 4, 21, 30, 200),
    (303, 61, 192, 2, 1, 1, 18, 20, 214),
    (304, 61, 68, 7, 1, 4, 9, 30, 219),
    (305, 61, 38, 3, 1, 3, 1, 30, 102),
    (306, 62, 23, 5, 1, 4, 10, 50, 202),
    (307, 62, 134, 6, 2, 1, 12, 40, 218),
    (308, 62, 102, 5, 1, 2, 6, 20, 107),
    (309, 62, 1, 3, 3, 1, 17, 20, 211),
    (310, 62, 139, 6, 3, 4, 17, 50, 209),
    (311, 63, 22, 10, 3, 1, 5, 45, 110),
    (312, 63, 202, 5, 3, 3, 21, 20, 201),
    (313, 63, 95, 8, 1, 3, 3, 15, 217),
    (314, 63, 212, 3, 1, 1, 13, 15, 104),
    (315, 63, 181, 5, 1, 1, 5, 25, 118),
    (316, 64, 116, 9, 2, 1, 6, 25, 205),
    (317, 64, 3, 6, 3, 2, 18, 40, 119),
    (318, 64, 97, 5, 2, 3, 3, 15, 102),
    (319, 64, 1, 1, 3, 3, 12, 45, 103),
    (320, 64, 114, 5, 1, 1, 18, 40, 119),
    (321, 65, 17, 5, 1, 1, 2, 30, 207),
    (322, 65, 68, 10, 1, 4, 15, 15, 302),
    (323, 65, 191, 5, 3, 2, 16, 35, 218),
    (324, 65, 212, 1, 3, 1, 17, 35, 118),
    (325, 65, 15, 6, 1, 4, 17, 40, 109),
    (326, 66, 163, 8, 1, 2, 5, 25, 302),
    (327, 66, 106, 5, 1, 4, 1, 35, 100),
    (328, 66, 172, 9, 2, 3, 8, 15, 202),
    (329, 66, 145, 1, 3, 3, 1, 30, 118),
    (330, 66, 107, 6, 3, 3, 16, 35, 215),
    (331, 67, 176, 10, 3, 4, 18, 25, 119),
    (332, 67, 159, 4, 1, 2, 1, 30, 103),
    (333, 67, 48, 1, 3, 3, 6, 40, 305),
    (334, 67, 104, 7, 3, 4, 13, 15, 103),
    (335, 67, 188, 7, 3, 4, 6, 45, 106),
    (336, 68, 39, 1, 2, 4, 3, 45, 212),
    (337, 68, 39, 1, 3, 3, 8, 35, 303),
    (338, 68, 45, 7, 1, 1, 18, 20, 205),
    (339, 68, 116, 1, 3, 1, 6, 45, 211),
    (340, 68, 204, 7, 3, 2, 12, 50, 218),
    (341, 69, 119, 5, 2, 2, 2, 50, 201),
    (342, 69, 48, 1, 3, 4, 20, 25, 306),
    (343, 69, 37, 8, 1, 2, 21, 40, 210),
    (344, 69, 207, 9, 2, 1, 4, 50, 302),
    (345, 69, 4, 7, 2, 1, 19, 40, 118),
    (346, 70, 123, 2, 1, 2, 17, 35, 211),
    (347, 70, 182, 2, 2, 3, 15, 20, 117),
    (348, 70, 146, 10, 1, 3, 12, 35, 106),
    (349, 70, 123, 4, 1, 2, 6, 15, 210),
    (350, 70, 119, 8, 3, 1, 6, 50, 202),
    (351, 71, 70, 4, 3, 1, 11, 25, 119),
    (352, 71, 87, 9, 2, 1, 5, 20, 305),
    (353, 71, 28, 1, 3, 2, 12, 35, 113),
    (354, 71, 153, 9, 2, 4, 7, 45, 114),
    (355, 71, 113, 2, 2, 4, 4, 30, 305),
    (356, 72, 64, 4, 1, 3, 12, 40, 107),
    (357, 72, 188, 1, 3, 4, 17, 20, 306),
    (358, 72, 146, 3, 3, 3, 4, 35, 204),
    (359, 72, 59, 1, 2, 2, 18, 20, 114),
    (360, 72, 202, 6, 2, 4, 18, 20, 301),
    (361, 73, 140, 2, 3, 4, 20, 35, 209),
    (362, 73, 39, 6, 2, 4, 12, 45, 209),
    (363, 73, 29, 10, 3, 3, 4, 30, 207),
    (364, 73, 11, 3, 1, 4, 11, 35, 310),
    (365, 73, 52, 9, 3, 1, 16, 20, 305),
    (366, 74, 85, 2, 3, 3, 19, 50, 119),
    (367, 74, 122, 2, 1, 4, 9, 30, 206),
    (368, 74, 136, 4, 1, 3, 6, 35, 213),
    (369, 74, 39, 9, 3, 2, 18, 15, 204),
    (370, 74, 5, 6, 1, 3, 4, 50, 200),
    (371, 75, 123, 6, 3, 4, 12, 35, 218),
    (372, 75, 181, 9, 3, 1, 22, 40, 111),
    (373, 75, 95, 7, 1, 3, 13, 25, 100),
    (374, 75, 198, 7, 3, 3, 12, 25, 214),
    (375, 75, 25, 10, 1, 1, 5, 40, 214),
    (376, 76, 20, 5, 2, 4, 21, 45, 212),
    (377, 76, 166, 5, 2, 1, 21, 25, 203),
    (378, 76, 99, 6, 1, 4, 17, 35, 111),
    (379, 76, 110, 9, 3, 1, 5, 50, 111),
    (380, 76, 86, 2, 1, 1, 11, 25, 109),
    (381, 77, 143, 2, 3, 3, 13, 30, 302),
    (382, 77, 177, 7, 3, 1, 2, 45, 113),
    (383, 77, 22, 5, 2, 2, 10, 20, 108),
    (384, 77, 106, 9, 2, 3, 9, 50, 303),
    (385, 77, 94, 3, 3, 1, 18, 40, 116),
    (386, 78, 21, 8, 2, 1, 20, 45, 111),
    (387, 78, 179, 1, 1, 1, 2, 20, 119),
    (388, 78, 51, 10, 1, 3, 22, 50, 102),
    (389, 78, 191, 7, 3, 2, 21, 25, 108),
    (390, 78, 70, 5, 2, 2, 3, 15, 205),
    (391, 79, 174, 9, 1, 3, 5, 50, 110),
    (392, 79, 63, 8, 1, 3, 10, 15, 212),
    (393, 79, 100, 3, 2, 4, 11, 15, 307),
    (394, 79, 66, 4, 2, 4, 22, 50, 301),
    (395, 79, 58, 1, 3, 1, 22, 25, 116),
    (396, 80, 181, 5, 3, 4, 7, 30, 217),
    (397, 80, 66, 9, 1, 2, 9, 40, 212),
    (398, 80, 180, 5, 2, 4, 17, 15, 108),
    (399, 80, 14, 10, 3, 2, 4, 25, 200),
    (400, 80, 76, 2, 3, 1, 21, 20, 103),
    (401, 81, 30, 9, 2, 4, 22, 35, 301),
    (402, 81, 122, 1, 2, 4, 18, 35, 109),
    (403, 81, 150, 5, 3, 4, 10, 25, 116),
    (404, 81, 187, 8, 2, 2, 1, 50, 111),
    (405, 81, 51, 3, 1, 3, 8, 45, 301),
    (406, 82, 124, 3, 1, 1, 3, 35, 214),
    (407, 82, 39, 9, 2, 4, 4, 35, 117),
    (408, 82, 97, 2, 2, 3, 20, 20, 105),
    (409, 82, 185, 6, 1, 4, 21, 15, 304),
    (410, 82, 108, 7, 2, 4, 5, 35, 208),
    (411, 83, 210, 10, 3, 4, 7, 30, 112),
    (412, 83, 138, 1, 2, 4, 1, 30, 214),
    (413, 83, 204, 3, 3, 4, 10, 25, 101),
    (414, 83, 26, 3, 2, 4, 20, 45, 300),
    (415, 83, 181, 7, 1, 4, 14, 20, 115),
    (416, 84, 147, 1, 2, 2, 11, 50, 300),
    (417, 84, 187, 6, 3, 3, 6, 20, 100),
    (418, 84, 199, 10, 2, 1, 10, 30, 216),
    (419, 84, 29, 9, 2, 4, 16, 35, 106),
    (420, 84, 51, 5, 1, 4, 18, 35, 307),
    (421, 85, 202, 3, 2, 4, 8, 25, 301),
    (422, 85, 157, 2, 2, 1, 9, 20, 113),
    (423, 85, 76, 4, 3, 1, 18, 15, 301),
    (424, 85, 38, 1, 1, 4, 2, 45, 103),
    (425, 85, 18, 2, 3, 1, 16, 45, 109),
    (426, 86, 62, 3, 3, 2, 18, 25, 307),
    (427, 86, 143, 9, 2, 3, 9, 30, 106),
    (428, 86, 113, 8, 3, 4, 11, 50, 205),
    (429, 86, 110, 9, 1, 4, 20, 15, 214),
    (430, 86, 32, 8, 3, 1, 20, 30, 215),
    (431, 87, 159, 5, 2, 1, 21, 40, 219),
    (432, 87, 166, 6, 2, 2, 18, 15, 300),
    (433, 87, 70, 3, 3, 3, 5, 45, 306),
    (434, 87, 20, 1, 2, 1, 19, 30, 217),
    (435, 87, 155, 9, 2, 2, 17, 50, 115),
    (436, 88, 167, 6, 1, 4, 4, 25, 214),
    (437, 88, 181, 3, 2, 4, 3, 30, 302),
    (438, 88, 148, 4, 2, 4, 1, 40, 119),
    (439, 88, 178, 2, 3, 2, 5, 40, 305),
    (440, 88, 98, 5, 3, 1, 14, 30, 106),
    (441, 89, 68, 4, 1, 3, 9, 50, 304),
    (442, 89, 111, 5, 2, 2, 11, 20, 119),
    (443, 89, 78, 1, 1, 3, 14, 15, 303),
    (444, 89, 199, 8, 1, 3, 18, 15, 107),
    (445, 89, 32, 3, 1, 3, 2, 35, 211),
    (446, 90, 148, 5, 2, 3, 17, 35, 105),
    (447, 90, 110, 3, 1, 4, 4, 50, 102),
    (448, 90, 167, 9, 1, 4, 18, 50, 100),
    (449, 90, 51, 1, 1, 4, 1, 20, 308),
    (450, 90, 179, 8, 2, 2, 7, 25, 104),
    (451, 91, 5, 3, 2, 2, 6, 50, 207),
    (452, 91, 133, 9, 3, 2, 9, 40, 216),
    (453, 91, 111, 7, 1, 3, 6, 40, 115),
    (454, 91, 109, 2, 1, 4, 20, 45, 211),
    (455, 91, 159, 4, 2, 3, 15, 35, 112),
    (456, 92, 212, 4, 1, 4, 1, 50, 202),
    (457, 92, 119, 9, 3, 2, 14, 50, 117),
    (458, 92, 120, 10, 1, 1, 8, 15, 204),
    (459, 92, 144, 3, 1, 1, 9, 40, 117),
    (460, 92, 37, 3, 2, 3, 5, 25, 218),
    (461, 93, 175, 6, 3, 2, 3, 35, 205),
    (462, 93, 67, 4, 1, 1, 1, 20, 217),
    (463, 93, 67, 4, 2, 1, 14, 40, 305),
    (464, 93, 209, 8, 3, 3, 13, 20, 214),
    (465, 93, 161, 7, 1, 1, 18, 25, 201),
    (466, 94, 28, 2, 3, 2, 6, 45, 112),
    (467, 94, 176, 9, 3, 4, 3, 25, 201),
    (468, 94, 186, 9, 2, 4, 8, 40, 303),
    (469, 94, 76, 10, 3, 2, 17, 40, 307),
    (470, 94, 169, 3, 3, 3, 16, 50, 101),
    (471, 95, 150, 7, 2, 1, 11, 20, 213),
    (472, 95, 120, 9, 1, 3, 9, 20, 307),
    (473, 95, 162, 2, 3, 4, 5, 40, 210),
    (474, 95, 207, 1, 2, 4, 16, 50, 113),
    (475, 95, 99, 4, 2, 3, 2, 40, 307),
    (476, 96, 21, 9, 3, 4, 15, 45, 310),
    (477, 96, 120, 3, 2, 4, 21, 35, 111),
    (478, 96, 14, 4, 2, 3, 1, 50, 200),
    (479, 96, 123, 9, 3, 2, 12, 15, 100),
    (480, 96, 62, 4, 2, 1, 14, 15, 302),
    (481, 97, 128, 5, 3, 4, 3, 50, 215),
    (482, 97, 145, 10, 2, 3, 13, 50, 119),
    (483, 97, 72, 2, 2, 2, 6, 35, 105),
    (484, 97, 103, 4, 2, 4, 5, 20, 111),
    (485, 97, 102, 6, 1, 1, 14, 30, 304),
    (486, 98, 65, 7, 2, 3, 4, 45, 210),
    (487, 98, 173, 5, 3, 4, 17, 50, 209),
    (488, 98, 149, 10, 3, 3, 14, 50, 307),
    (489, 98, 102, 8, 3, 1, 21, 40, 204),
    (490, 98, 151, 2, 2, 3, 9, 30, 217),
    (491, 99, 166, 3, 1, 4, 1, 45, 307),
    (492, 99, 116, 3, 3, 3, 22, 50, 203),
    (493, 99, 78, 6, 2, 1, 14, 50, 213),
    (494, 99, 17, 2, 2, 1, 20, 40, 206),
    (495, 99, 26, 3, 2, 1, 13, 30, 109),
    (496, 100, 185, 6, 1, 4, 12, 45, 117),
    (497, 100, 113, 4, 2, 2, 13, 50, 306),
    (498, 100, 202, 10, 3, 1, 21, 50, 119),
    (499, 100, 7, 3, 3, 3, 20, 25, 108),
    (500, 100, 20, 1, 3, 1, 7, 50, 308),
    (501, 101, 41, 10, 3, 2, 21, 35, 310),
    (502, 101, 3, 3, 1, 1, 15, 50, 105),
    (503, 101, 53, 10, 1, 4, 10, 15, 207),
    (504, 101, 173, 5, 3, 2, 4, 15, 117),
    (505, 101, 187, 3, 2, 2, 4, 40, 200),
    (506, 102, 182, 8, 1, 1, 14, 45, 101),
    (507, 102, 117, 2, 3, 3, 20, 15, 110),
    (508, 102, 3, 3, 1, 1, 5, 20, 110),
    (509, 102, 159, 3, 2, 2, 6, 15, 115),
    (510, 102, 142, 7, 1, 4, 21, 15, 207),
    (511, 103, 140, 10, 2, 2, 8, 25, 214),
    (512, 103, 117, 5, 2, 1, 6, 45, 107),
    (513, 103, 53, 8, 3, 2, 20, 15, 204),
    (514, 103, 55, 5, 2, 3, 3, 30, 115),
    (515, 103, 145, 1, 2, 3, 8, 30, 212),
    (516, 104, 11, 3, 3, 4, 16, 40, 114),
    (517, 104, 60, 4, 3, 2, 1, 20, 117),
    (518, 104, 209, 10, 2, 1, 12, 25, 305),
    (519, 104, 35, 6, 1, 1, 13, 15, 119),
    (520, 104, 27, 2, 2, 3, 2, 30, 310),
    (521, 105, 194, 7, 1, 4, 14, 40, 206),
    (522, 105, 95, 10, 3, 3, 9, 45, 205),
    (523, 105, 115, 7, 1, 4, 4, 50, 117),
    (524, 105, 182, 4, 1, 2, 20, 20, 302),
    (525, 105, 122, 10, 2, 4, 2, 25, 100),
    (526, 106, 210, 6, 1, 3, 10, 35, 304),
    (527, 106, 117, 4, 2, 1, 10, 25, 212),
    (528, 106, 138, 7, 1, 3, 12, 45, 302),
    (529, 106, 209, 8, 3, 1, 8, 35, 108),
    (530, 106, 166, 2, 2, 4, 2, 35, 309),
    (531, 107, 92, 8, 2, 3, 10, 50, 119),
    (532, 107, 116, 2, 2, 2, 18, 15, 216),
    (533, 107, 129, 5, 3, 3, 3, 15, 306),
    (534, 107, 197, 3, 3, 2, 4, 40, 116),
    (535, 107, 32, 1, 1, 4, 9, 20, 116),
    (536, 108, 47, 5, 1, 2, 22, 45, 108),
    (537, 108, 136, 3, 1, 3, 16, 50, 112),
    (538, 108, 118, 3, 3, 1, 1, 50, 105),
    (539, 108, 124, 3, 3, 3, 11, 25, 206),
    (540, 108, 26, 7, 3, 4, 7, 30, 103),
    (541, 109, 182, 5, 2, 2, 11, 40, 300),
    (542, 109, 161, 6, 3, 3, 1, 15, 203),
    (543, 109, 76, 6, 3, 4, 3, 30, 216),
    (544, 109, 40, 2, 1, 2, 22, 40, 114),
    (545, 109, 40, 3, 3, 4, 3, 20, 201),
    (546, 110, 22, 5, 1, 3, 20, 35, 113),
    (547, 110, 167, 7, 2, 1, 16, 15, 205),
    (548, 110, 125, 3, 1, 2, 10, 25, 216),
    (549, 110, 121, 8, 2, 1, 9, 40, 305),
    (550, 110, 55, 8, 3, 3, 19, 25, 218),
    (551, 111, 59, 8, 2, 1, 10, 50, 218),
    (552, 111, 185, 7, 1, 3, 6, 45, 218),
    (553, 111, 101, 8, 2, 4, 15, 25, 106),
    (554, 111, 204, 6, 1, 2, 6, 30, 204),
    (555, 111, 163, 4, 1, 1, 7, 40, 100),
    (556, 112, 24, 10, 3, 3, 7, 25, 200),
    (557, 112, 44, 5, 3, 1, 5, 40, 217),
    (558, 112, 62, 7, 2, 1, 7, 40, 303),
    (559, 112, 76, 5, 1, 1, 8, 25, 118),
    (560, 112, 25, 4, 2, 4, 10, 30, 113),
    (561, 113, 100, 8, 2, 2, 16, 35, 301),
    (562, 113, 14, 5, 1, 3, 11, 30, 300),
    (563, 113, 125, 2, 1, 1, 9, 50, 109),
    (564, 113, 207, 4, 1, 4, 4, 50, 117),
    (565, 113, 19, 5, 3, 3, 13, 45, 200),
    (566, 114, 195, 8, 2, 1, 20, 50, 102),
    (567, 114, 164, 10, 1, 3, 20, 30, 116),
    (568, 114, 135, 6, 2, 3, 5, 50, 211),
    (569, 114, 125, 6, 3, 4, 10, 50, 208),
    (570, 114, 143, 10, 3, 2, 22, 45, 113),
    (571, 115, 72, 3, 3, 4, 12, 15, 201),
    (572, 115, 208, 2, 1, 3, 19, 25, 111),
    (573, 115, 88, 3, 2, 3, 11, 15, 308),
    (574, 115, 134, 9, 3, 2, 7, 40, 211),
    (575, 115, 191, 9, 2, 2, 15, 45, 119),
    (576, 116, 93, 3, 3, 1, 16, 20, 109),
    (577, 116, 26, 3, 1, 4, 13, 40, 214),
    (578, 116, 206, 3, 2, 3, 21, 45, 214),
    (579, 116, 130, 7, 1, 2, 21, 40, 309),
    (580, 116, 20, 2, 1, 3, 1, 15, 117),
    (581, 117, 51, 8, 3, 3, 7, 25, 205),
    (582, 117, 64, 7, 1, 3, 10, 25, 111),
    (583, 117, 154, 9, 2, 1, 21, 45, 103),
    (584, 117, 173, 8, 1, 4, 22, 45, 107),
    (585, 117, 32, 4, 2, 1, 19, 45, 215),
    (586, 118, 89, 10, 1, 4, 14, 15, 300),
    (587, 118, 141, 2, 2, 4, 8, 40, 217),
    (588, 118, 160, 9, 3, 3, 12, 15, 303),
    (589, 118, 134, 2, 2, 1, 12, 40, 301),
    (590, 118, 52, 2, 2, 3, 18, 35, 300),
    (591, 119, 162, 6, 1, 3, 21, 50, 117),
    (592, 119, 6, 9, 3, 4, 17, 25, 101),
    (593, 119, 211, 7, 3, 3, 9, 50, 108),
    (594, 119, 180, 2, 3, 2, 13, 15, 117),
    (595, 119, 97, 9, 3, 1, 16, 30, 307),
    (596, 120, 40, 8, 3, 4, 19, 25, 310),
    (597, 120, 98, 8, 1, 3, 3, 20, 118),
    (598, 120, 77, 7, 3, 2, 4, 50, 305),
    (599, 120, 208, 8, 1, 3, 7, 45, 302),
    (600, 120, 22, 9, 1, 4, 17, 35, 116),
    (601, 121, 82, 9, 2, 1, 1, 20, 212),
    (602, 121, 49, 5, 2, 4, 12, 25, 309),
    (603, 121, 65, 7, 2, 3, 5, 50, 211),
    (604, 121, 208, 1, 1, 2, 6, 20, 217),
    (605, 121, 115, 7, 2, 4, 6, 15, 304),
    (606, 122, 175, 1, 2, 2, 2, 40, 309),
    (607, 122, 40, 10, 1, 1, 6, 15, 103),
    (608, 122, 3, 10, 3, 2, 17, 35, 200),
    (609, 122, 133, 5, 2, 1, 17, 40, 310),
    (610, 122, 88, 2, 1, 1, 19, 20, 310),
    (611, 123, 158, 2, 3, 2, 6, 35, 211),
    (612, 123, 202, 1, 2, 3, 11, 40, 218),
    (613, 123, 50, 10, 2, 1, 5, 15, 213),
    (614, 123, 52, 2, 3, 1, 14, 25, 102),
    (615, 123, 130, 1, 2, 2, 18, 25, 211),
    (616, 124, 161, 7, 2, 3, 1, 35, 103),
    (617, 124, 77, 7, 2, 1, 20, 20, 201),
    (618, 124, 11, 1, 2, 4, 18, 50, 100),
    (619, 124, 158, 6, 2, 1, 14, 30, 106),
    (620, 124, 191, 1, 1, 4, 22, 30, 204),
    (621, 125, 128, 10, 1, 4, 8, 20, 213),
    (622, 125, 99, 6, 2, 1, 16, 15, 217),
    (623, 125, 80, 6, 3, 1, 3, 15, 218),
    (624, 125, 17, 5, 2, 3, 18, 35, 209),
    (625, 125, 75, 1, 2, 2, 6, 35, 112),
    (626, 126, 148, 10, 3, 1, 22, 35, 116),
    (627, 126, 180, 8, 2, 3, 13, 30, 213),
    (628, 126, 13, 6, 1, 1, 3, 25, 115),
    (629, 126, 193, 6, 2, 4, 19, 15, 307),
    (630, 126, 187, 9, 3, 3, 9, 50, 111),
    (631, 127, 154, 10, 1, 4, 18, 25, 301),
    (632, 127, 85, 9, 2, 2, 1, 35, 101),
    (633, 127, 156, 1, 3, 4, 20, 35, 207),
    (634, 127, 170, 4, 1, 2, 13, 35, 310),
    (635, 127, 15, 3, 2, 3, 20, 20, 200),
    (636, 128, 99, 7, 1, 2, 22, 35, 101),
    (637, 128, 29, 7, 2, 1, 5, 15, 112),
    (638, 128, 56, 8, 1, 4, 17, 50, 108),
    (639, 128, 8, 8, 2, 2, 22, 45, 301),
    (640, 128, 192, 4, 3, 3, 14, 20, 212),
    (641, 129, 138, 8, 1, 4, 15, 15, 216),
    (642, 129, 109, 7, 2, 3, 9, 50, 100),
    (643, 129, 152, 1, 2, 3, 2, 15, 210),
    (644, 129, 35, 10, 1, 2, 5, 30, 300),
    (645, 129, 8, 4, 1, 2, 21, 15, 300),
    (646, 130, 193, 7, 2, 4, 1, 30, 205),
    (647, 130, 122, 6, 2, 1, 19, 15, 113),
    (648, 130, 83, 4, 3, 4, 22, 35, 306),
    (649, 130, 194, 9, 1, 2, 19, 45, 219),
    (650, 130, 112, 1, 3, 3, 9, 50, 201),
    (651, 131, 117, 3, 1, 3, 14, 20, 303),
    (652, 131, 80, 1, 1, 1, 12, 40, 310),
    (653, 131, 74, 9, 3, 4, 10, 15, 210),
    (654, 131, 55, 4, 3, 3, 18, 25, 212),
    (655, 131, 64, 3, 3, 2, 17, 50, 115),
    (656, 132, 160, 10, 3, 1, 20, 45, 104),
    (657, 132, 15, 4, 3, 3, 1, 50, 108),
    (658, 132, 113, 1, 1, 3, 13, 35, 200),
    (659, 132, 47, 9, 2, 4, 16, 20, 115),
    (660, 132, 160, 10, 1, 2, 22, 15, 210),
    (661, 133, 78, 3, 2, 1, 3, 15, 300),
    (662, 133, 135, 1, 3, 1, 10, 20, 115),
    (663, 133, 151, 6, 3, 2, 19, 15, 105),
    (664, 133, 174, 2, 3, 4, 12, 40, 110),
    (665, 133, 139, 4, 1, 1, 7, 15, 219),
    (666, 134, 62, 5, 1, 3, 8, 15, 207),
    (667, 134, 104, 4, 1, 3, 10, 20, 113),
    (668, 134, 195, 3, 1, 1, 2, 45, 205),
    (669, 134, 46, 6, 2, 1, 8, 20, 204),
    (670, 134, 116, 8, 1, 4, 22, 35, 200),
    (671, 135, 99, 9, 3, 4, 14, 15, 107),
    (672, 135, 139, 4, 2, 3, 21, 35, 119),
    (673, 135, 42, 5, 2, 2, 16, 20, 305),
    (674, 135, 105, 1, 1, 4, 21, 20, 217),
    (675, 135, 14, 4, 3, 4, 4, 35, 301),
    (676, 136, 136, 7, 2, 1, 12, 35, 219),
    (677, 136, 127, 3, 3, 2, 14, 45, 111),
    (678, 136, 5, 1, 2, 1, 20, 50, 215),
    (679, 136, 34, 1, 3, 4, 5, 40, 116),
    (680, 136, 85, 3, 1, 1, 10, 40, 308),
    (681, 137, 58, 9, 1, 2, 1, 20, 300),
    (682, 137, 133, 10, 1, 2, 19, 35, 300),
    (683, 137, 198, 8, 2, 1, 6, 50, 206),
    (684, 137, 52, 5, 3, 4, 15, 50, 113),
    (685, 137, 50, 7, 2, 2, 8, 35, 102),
    (686, 138, 144, 6, 1, 4, 19, 35, 115),
    (687, 138, 158, 2, 2, 2, 9, 30, 111),
    (688, 138, 40, 8, 2, 3, 1, 35, 101),
    (689, 138, 156, 2, 3, 3, 22, 25, 217),
    (690, 138, 106, 7, 1, 1, 16, 40, 108),
    (691, 139, 177, 8, 2, 3, 9, 20, 306),
    (692, 139, 79, 3, 2, 2, 8, 35, 101),
    (693, 139, 127, 6, 1, 4, 12, 50, 304),
    (694, 139, 188, 7, 1, 3, 6, 35, 117),
    (695, 139, 95, 3, 2, 2, 17, 25, 219),
    (696, 140, 138, 4, 3, 1, 15, 30, 202),
    (697, 140, 106, 4, 1, 3, 1, 20, 204),
    (698, 140, 24, 6, 1, 2, 2, 15, 114),
    (699, 140, 67, 3, 1, 2, 11, 40, 104),
    (700, 140, 203, 5, 3, 4, 12, 45, 308),
    (701, 141, 142, 2, 2, 3, 5, 45, 302),
    (702, 141, 60, 1, 2, 3, 21, 20, 307),
    (703, 141, 43, 5, 2, 4, 17, 40, 217),
    (704, 141, 2, 7, 3, 2, 13, 15, 115),
    (705, 141, 98, 8, 1, 3, 3, 35, 211),
    (706, 142, 47, 7, 3, 4, 22, 20, 211),
    (707, 142, 52, 1, 2, 3, 1, 25, 309),
    (708, 142, 24, 6, 3, 3, 8, 20, 208),
    (709, 142, 206, 6, 3, 3, 14, 30, 217),
    (710, 142, 170, 3, 3, 3, 10, 50, 301),
    (711, 143, 182, 9, 2, 3, 12, 45, 215),
    (712, 143, 98, 5, 2, 3, 3, 25, 206),
    (713, 143, 99, 10, 3, 1, 15, 45, 309),
    (714, 143, 111, 8, 2, 4, 19, 35, 216),
    (715, 143, 36, 3, 2, 2, 17, 45, 112),
    (716, 144, 179, 3, 2, 1, 6, 35, 210),
    (717, 144, 41, 9, 2, 2, 11, 35, 219),
    (718, 144, 8, 2, 3, 1, 22, 50, 106),
    (719, 144, 17, 2, 2, 1, 11, 45, 119),
    (720, 144, 159, 6, 3, 1, 21, 25, 214),
    (721, 145, 195, 7, 3, 3, 17, 20, 118),
    (722, 145, 61, 2, 3, 3, 1, 40, 208),
    (723, 145, 147, 1, 2, 3, 20, 30, 304),
    (724, 145, 142, 3, 2, 2, 13, 20, 218),
    (725, 145, 45, 4, 1, 2, 7, 15, 118),
    (726, 146, 30, 1, 3, 3, 1, 50, 103),
    (727, 146, 9, 9, 2, 3, 13, 35, 213),
    (728, 146, 146, 9, 3, 3, 5, 45, 100),
    (729, 146, 208, 3, 2, 3, 11, 15, 206),
    (730, 146, 44, 7, 1, 2, 4, 50, 101),
    (731, 147, 143, 2, 2, 3, 13, 40, 204),
    (732, 147, 86, 7, 2, 2, 3, 25, 214),
    (733, 147, 88, 8, 1, 1, 3, 25, 101),
    (734, 147, 23, 5, 1, 4, 20, 20, 214),
    (735, 147, 9, 10, 1, 4, 4, 35, 304),
    (736, 148, 151, 4, 3, 1, 15, 30, 206),
    (737, 148, 100, 5, 2, 3, 9, 45, 300),
    (738, 148, 187, 5, 2, 2, 3, 40, 109),
    (739, 148, 115, 5, 2, 1, 5, 50, 101),
    (740, 148, 8, 5, 3, 1, 16, 20, 208),
    (741, 149, 53, 5, 1, 3, 16, 20, 301),
    (742, 149, 67, 10, 1, 3, 1, 30, 300),
    (743, 149, 149, 3, 2, 1, 7, 35, 212),
    (744, 149, 56, 2, 1, 1, 2, 45, 307),
    (745, 149, 137, 4, 1, 2, 9, 45, 105),
    (746, 150, 163, 9, 3, 1, 17, 45, 308),
    (747, 150, 157, 4, 2, 4, 5, 50, 309),
    (748, 150, 119, 5, 3, 3, 3, 25, 205),
    (749, 150, 205, 10, 3, 4, 11, 45, 206),
    (750, 150, 177, 10, 2, 3, 13, 35, 204),
    (751, 151, 137, 6, 2, 2, 7, 50, 201),
    (752, 151, 188, 1, 1, 4, 7, 35, 204),
    (753, 151, 106, 3, 1, 1, 20, 20, 218),
    (754, 151, 116, 2, 3, 2, 20, 50, 119),
    (755, 151, 177, 6, 2, 1, 22, 45, 214),
    (756, 152, 37, 4, 1, 4, 22, 40, 100),
    (757, 152, 187, 6, 1, 3, 20, 15, 101),
    (758, 152, 164, 6, 2, 2, 20, 35, 201),
    (759, 152, 38, 10, 1, 2, 18, 30, 108),
    (760, 152, 170, 8, 2, 1, 14, 40, 106),
    (761, 153, 13, 4, 1, 2, 11, 50, 204),
    (762, 153, 4, 10, 2, 4, 13, 45, 103),
    (763, 153, 160, 1, 3, 1, 20, 20, 217),
    (764, 153, 154, 4, 1, 4, 9, 25, 107),
    (765, 153, 39, 10, 2, 2, 6, 45, 203),
    (766, 154, 162, 6, 3, 4, 16, 15, 111),
    (767, 154, 13, 2, 1, 1, 2, 30, 305),
    (768, 154, 22, 6, 1, 1, 22, 50, 200),
    (769, 154, 6, 4, 2, 3, 9, 30, 207),
    (770, 154, 185, 5, 3, 4, 3, 15, 213),
    (771, 155, 163, 8, 3, 3, 22, 15, 111),
    (772, 155, 34, 4, 2, 4, 5, 35, 117),
    (773, 155, 95, 7, 2, 2, 20, 20, 306),
    (774, 155, 147, 10, 2, 3, 19, 45, 201),
    (775, 155, 144, 9, 2, 2, 21, 20, 101),
    (776, 156, 135, 5, 3, 1, 1, 40, 105),
    (777, 156, 81, 1, 2, 1, 22, 15, 308),
    (778, 156, 30, 10, 2, 3, 1, 35, 217),
    (779, 156, 107, 1, 1, 2, 16, 15, 111),
    (780, 156, 193, 9, 3, 3, 18, 15, 113),
    (781, 157, 108, 10, 2, 4, 15, 40, 202),
    (782, 157, 211, 4, 1, 2, 18, 20, 300),
    (783, 157, 84, 8, 1, 4, 4, 40, 208),
    (784, 157, 210, 1, 3, 3, 22, 20, 117),
    (785, 157, 129, 3, 1, 4, 4, 15, 201),
    (786, 158, 72, 5, 3, 1, 6, 40, 118),
    (787, 158, 136, 4, 2, 2, 11, 25, 116),
    (788, 158, 211, 10, 3, 3, 9, 20, 214),
    (789, 158, 199, 5, 1, 4, 12, 15, 111),
    (790, 158, 196, 3, 2, 1, 6, 30, 111),
    (791, 159, 155, 9, 2, 1, 14, 40, 211),
    (792, 159, 1, 10, 1, 3, 10, 15, 108),
    (793, 159, 53, 9, 2, 2, 3, 25, 103),
    (794, 159, 101, 1, 2, 3, 13, 20, 108),
    (795, 159, 50, 3, 2, 3, 3, 50, 309),
    (796, 160, 14, 3, 1, 4, 2, 35, 203),
    (797, 160, 159, 6, 1, 2, 1, 35, 304),
    (798, 160, 74, 7, 3, 4, 5, 40, 104),
    (799, 160, 133, 9, 2, 2, 3, 35, 215),
    (800, 160, 165, 7, 3, 2, 10, 40, 104),
    (801, 161, 3, 8, 1, 3, 3, 25, 108),
    (802, 161, 195, 6, 2, 1, 12, 35, 202),
    (803, 161, 145, 2, 2, 4, 16, 15, 218),
    (804, 161, 52, 5, 3, 2, 18, 30, 113),
    (805, 161, 94, 6, 2, 3, 5, 40, 211),
    (806, 162, 97, 10, 3, 4, 15, 50, 216),
    (807, 162, 172, 10, 3, 3, 22, 45, 206),
    (808, 162, 168, 10, 3, 2, 14, 50, 211),
    (809, 162, 58, 2, 3, 1, 6, 20, 100),
    (810, 162, 159, 8, 1, 1, 17, 45, 301),
    (811, 163, 153, 8, 2, 1, 22, 45, 205),
    (812, 163, 31, 4, 1, 2, 18, 35, 111),
    (813, 163, 45, 8, 3, 2, 20, 25, 115),
    (814, 163, 129, 7, 2, 3, 15, 40, 216),
    (815, 163, 119, 6, 1, 4, 5, 50, 108),
    (816, 164, 10, 9, 2, 2, 1, 40, 108),
    (817, 164, 172, 4, 1, 3, 4, 15, 109),
    (818, 164, 96, 6, 2, 4, 7, 50, 303),
    (819, 164, 198, 7, 1, 4, 6, 30, 106),
    (820, 164, 75, 7, 1, 3, 19, 45, 118),
    (821, 165, 19, 9, 3, 1, 18, 30, 206),
    (822, 165, 200, 8, 1, 3, 20, 50, 302),
    (823, 165, 122, 1, 3, 2, 9, 20, 113),
    (824, 165, 194, 7, 2, 4, 18, 40, 201),
    (825, 165, 123, 7, 1, 2, 2, 20, 118),
    (826, 166, 44, 1, 3, 2, 4, 40, 213),
    (827, 166, 97, 3, 3, 4, 11, 50, 306),
    (828, 166, 207, 5, 2, 2, 20, 40, 309),
    (829, 166, 139, 6, 2, 1, 9, 40, 215),
    (830, 166, 59, 5, 1, 4, 5, 20, 119),
    (831, 167, 161, 8, 2, 3, 7, 20, 106),
    (832, 167, 105, 1, 1, 3, 17, 45, 201),
    (833, 167, 23, 9, 3, 3, 13, 30, 217),
    (834, 167, 46, 2, 1, 4, 13, 35, 214),
    (835, 167, 143, 1, 3, 4, 20, 40, 214),
    (836, 168, 161, 3, 2, 2, 21, 15, 107),
    (837, 168, 135, 6, 1, 4, 9, 40, 108),
    (838, 168, 164, 8, 1, 2, 11, 45, 207),
    (839, 168, 99, 4, 1, 4, 19, 25, 302),
    (840, 168, 125, 10, 3, 4, 16, 45, 115),
    (841, 169, 38, 8, 3, 3, 10, 20, 302),
    (842, 169, 95, 6, 3, 3, 13, 40, 304),
    (843, 169, 138, 5, 1, 2, 7, 35, 207),
    (844, 169, 41, 8, 3, 3, 16, 15, 114),
    (845, 169, 206, 8, 1, 1, 21, 20, 210),
    (846, 170, 191, 10, 1, 4, 22, 25, 107),
    (847, 170, 31, 8, 1, 1, 19, 50, 103),
    (848, 170, 194, 9, 3, 2, 4, 30, 203),
    (849, 170, 79, 4, 2, 4, 13, 20, 103),
    (850, 170, 189, 2, 1, 3, 2, 20, 203),
    (851, 171, 51, 1, 1, 4, 14, 45, 308),
    (852, 171, 165, 4, 3, 2, 22, 15, 112),
    (853, 171, 41, 4, 3, 1, 21, 20, 218),
    (854, 171, 144, 7, 2, 4, 17, 45, 114),
    (855, 171, 44, 1, 1, 3, 17, 20, 102),
    (856, 172, 158, 3, 3, 1, 9, 45, 211),
    (857, 172, 110, 10, 1, 1, 12, 30, 117),
    (858, 172, 109, 3, 2, 1, 8, 25, 200),
    (859, 172, 101, 5, 1, 1, 20, 30, 308),
    (860, 172, 171, 3, 1, 1, 9, 25, 202),
    (861, 173, 93, 10, 1, 4, 16, 30, 112),
    (862, 173, 118, 7, 1, 4, 18, 45, 117),
    (863, 173, 208, 4, 3, 3, 18, 25, 219),
    (864, 173, 171, 9, 1, 2, 13, 20, 308),
    (865, 173, 37, 10, 3, 4, 8, 20, 212),
    (866, 174, 74, 10, 2, 1, 1, 50, 115),
    (867, 174, 184, 7, 2, 2, 13, 25, 205),
    (868, 174, 144, 4, 2, 2, 9, 50, 219),
    (869, 174, 189, 2, 1, 3, 2, 50, 118),
    (870, 174, 92, 5, 2, 3, 14, 50, 102),
    (871, 175, 11, 1, 3, 2, 13, 35, 305),
    (872, 175, 136, 6, 1, 4, 15, 25, 300),
    (873, 175, 84, 3, 2, 3, 8, 30, 309),
    (874, 175, 110, 9, 1, 2, 1, 45, 204),
    (875, 175, 108, 5, 2, 4, 16, 40, 111),
    (876, 176, 26, 8, 3, 4, 20, 50, 218),
    (877, 176, 102, 6, 2, 1, 21, 20, 303),
    (878, 176, 175, 8, 1, 3, 1, 35, 112),
    (879, 176, 133, 6, 2, 3, 14, 50, 306),
    (880, 176, 108, 2, 1, 2, 22, 30, 211),
    (881, 177, 191, 3, 1, 4, 15, 25, 113),
    (882, 177, 35, 4, 3, 2, 3, 50, 300),
    (883, 177, 36, 1, 3, 2, 14, 50, 218),
    (884, 177, 109, 5, 1, 1, 20, 50, 113),
    (885, 177, 115, 3, 2, 3, 13, 40, 219),
    (886, 178, 168, 4, 2, 4, 9, 50, 306),
    (887, 178, 62, 8, 1, 1, 11, 15, 110),
    (888, 178, 133, 3, 2, 3, 19, 20, 117),
    (889, 178, 47, 7, 3, 3, 10, 50, 200),
    (890, 178, 188, 8, 2, 4, 8, 45, 100),
    (891, 179, 72, 6, 2, 4, 9, 20, 119),
    (892, 179, 64, 10, 1, 1, 21, 50, 117),
    (893, 179, 72, 10, 3, 4, 11, 25, 102),
    (894, 179, 193, 7, 2, 4, 18, 25, 304),
    (895, 179, 28, 3, 2, 4, 21, 35, 202),
    (896, 180, 33, 4, 2, 3, 6, 15, 305),
    (897, 180, 45, 10, 1, 2, 11, 25, 307),
    (898, 180, 37, 10, 1, 3, 16, 40, 300),
    (899, 180, 188, 10, 3, 1, 15, 25, 108),
    (900, 180, 120, 5, 3, 4, 1, 50, 204),
    (901, 181, 44, 7, 2, 4, 20, 50, 212),
    (902, 181, 58, 1, 1, 4, 3, 50, 103),
    (903, 181, 200, 4, 2, 1, 17, 45, 218),
    (904, 181, 201, 4, 2, 4, 10, 25, 212),
    (905, 181, 209, 8, 2, 1, 8, 25, 310),
    (906, 182, 79, 4, 1, 3, 3, 35, 107),
    (907, 182, 73, 4, 3, 1, 11, 15, 214),
    (908, 182, 191, 2, 3, 1, 10, 15, 205),
    (909, 182, 17, 6, 1, 2, 13, 15, 217),
    (910, 182, 61, 2, 3, 4, 20, 25, 308),
    (911, 183, 139, 9, 2, 3, 6, 50, 305),
    (912, 183, 12, 2, 1, 3, 22, 25, 304),
    (913, 183, 137, 3, 2, 4, 1, 20, 101),
    (914, 183, 72, 3, 3, 1, 18, 40, 216),
    (915, 183, 134, 5, 3, 4, 14, 15, 212),
    (916, 184, 90, 8, 1, 4, 13, 50, 110),
    (917, 184, 208, 2, 2, 1, 22, 40, 201),
    (918, 184, 87, 10, 1, 2, 5, 40, 116),
    (919, 184, 159, 2, 3, 2, 1, 40, 305),
    (920, 184, 196, 7, 3, 2, 2, 30, 305),
    (921, 185, 70, 9, 2, 4, 6, 40, 107),
    (922, 185, 100, 9, 1, 3, 15, 45, 210),
    (923, 185, 14, 2, 2, 4, 15, 40, 109),
    (924, 185, 50, 1, 1, 3, 16, 30, 304),
    (925, 185, 106, 4, 3, 3, 19, 45, 115),
    (926, 186, 179, 8, 3, 1, 16, 35, 219),
    (927, 186, 23, 8, 1, 1, 9, 20, 212),
    (928, 186, 196, 7, 3, 2, 10, 45, 309),
    (929, 186, 118, 2, 1, 3, 22, 15, 112),
    (930, 186, 212, 9, 3, 3, 2, 40, 304);

INSERT INTO Dias_Asignatura (Dias_Asignatura_id, Curso_id, Dia_id) VALUES
    (1, 1, 5),
    (2, 2, 2),
    (3, 2, 4),
    (4, 3, 1),
    (5, 3, 3),
    (6, 4, 2),
    (7, 4, 4),
    (8, 5, 2),
    (9, 5, 4),
    (10, 6, 1),
    (11, 6, 3),
    (12, 7, 2),
    (13, 7, 4),
    (14, 8, 2),
    (15, 8, 4),
    (16, 9, 1),
    (17, 9, 3),
    (18, 10, 1),
    (19, 10, 3),
    (20, 11, 1),
    (21, 11, 3),
    (22, 12, 1),
    (23, 12, 3),
    (24, 13, 1),
    (25, 13, 3),
    (26, 14, 2),
    (27, 14, 4),
    (28, 15, 2),
    (29, 15, 4),
    (30, 16, 1),
    (31, 16, 3),
    (32, 17, 2),
    (33, 17, 4),
    (34, 18, 2),
    (35, 18, 4),
    (36, 19, 2),
    (37, 19, 4),
    (38, 20, 2),
    (39, 20, 4),
    (40, 21, 1),
    (41, 21, 3),
    (42, 22, 1),
    (43, 22, 3),
    (44, 23, 1),
    (45, 23, 3),
    (46, 24, 2),
    (47, 24, 4),
    (48, 25, 2),
    (49, 25, 4),
    (50, 26, 1),
    (51, 26, 3),
    (52, 27, 2),
    (53, 27, 4),
    (54, 28, 1),
    (55, 28, 3),
    (56, 29, 1),
    (57, 29, 3),
    (58, 30, 1),
    (59, 30, 3),
    (60, 31, 2),
    (61, 31, 4),
    (62, 32, 2),
    (63, 32, 4),
    (64, 33, 2),
    (65, 33, 4),
    (66, 34, 1),
    (67, 34, 3),
    (68, 35, 2),
    (69, 35, 4),
    (70, 36, 1),
    (71, 36, 3),
    (72, 37, 2),
    (73, 37, 4),
    (74, 38, 2),
    (75, 38, 4),
    (76, 39, 2),
    (77, 39, 4),
    (78, 40, 2),
    (79, 40, 4),
    (80, 41, 1),
    (81, 41, 3),
    (82, 42, 2),
    (83, 42, 4),
    (84, 43, 2),
    (85, 43, 4),
    (86, 44, 1),
    (87, 44, 3),
    (88, 45, 2),
    (89, 45, 4),
    (90, 46, 1),
    (91, 46, 3),
    (92, 47, 2),
    (93, 47, 4),
    (94, 48, 1),
    (95, 48, 3),
    (96, 49, 1),
    (97, 49, 3),
    (98, 50, 2),
    (99, 50, 4),
    (100, 51, 2),
    (101, 51, 4),
    (102, 52, 1),
    (103, 52, 3),
    (104, 53, 1),
    (105, 53, 3),
    (106, 54, 1),
    (107, 54, 3),
    (108, 55, 2),
    (109, 55, 4),
    (110, 56, 2),
    (111, 56, 4),
    (112, 57, 1),
    (113, 57, 3),
    (114, 58, 1),
    (115, 58, 3),
    (116, 59, 1),
    (117, 59, 3),
    (118, 60, 2),
    (119, 60, 4),
    (120, 61, 2),
    (121, 61, 4),
    (122, 62, 2),
    (123, 62, 4),
    (124, 63, 1),
    (125, 63, 3),
    (126, 64, 2),
    (127, 64, 4),
    (128, 65, 1),
    (129, 65, 3),
    (130, 66, 2),
    (131, 66, 4),
    (132, 67, 1),
    (133, 67, 3),
    (134, 68, 5),
    (135, 69, 1),
    (136, 69, 3),
    (137, 70, 2),
    (138, 70, 4),
    (139, 71, 1),
    (140, 71, 3),
    (141, 72, 1),
    (142, 72, 3),
    (143, 73, 1),
    (144, 73, 3),
    (145, 74, 2),
    (146, 74, 4),
    (147, 75, 1),
    (148, 75, 3),
    (149, 76, 2),
    (150, 76, 4),
    (151, 77, 1),
    (152, 77, 3),
    (153, 78, 2),
    (154, 78, 4),
    (155, 79, 2),
    (156, 79, 4),
    (157, 80, 2),
    (158, 80, 4),
    (159, 81, 5),
    (160, 82, 5),
    (161, 83, 1),
    (162, 83, 3),
    (163, 84, 2),
    (164, 84, 4),
    (165, 85, 1),
    (166, 85, 3),
    (167, 86, 2),
    (168, 86, 4),
    (169, 87, 1),
    (170, 87, 3),
    (171, 88, 1),
    (172, 88, 3),
    (173, 89, 1),
    (174, 89, 3),
    (175, 90, 2),
    (176, 90, 4),
    (177, 91, 1),
    (178, 91, 3),
    (179, 92, 1),
    (180, 92, 3),
    (181, 93, 2),
    (182, 93, 4),
    (183, 94, 2),
    (184, 94, 4),
    (185, 95, 1),
    (186, 95, 3),
    (187, 96, 1),
    (188, 96, 3),
    (189, 97, 2),
    (190, 97, 4),
    (191, 98, 2),
    (192, 98, 4),
    (193, 99, 2),
    (194, 99, 4),
    (195, 100, 2),
    (196, 100, 4),
    (197, 101, 5),
    (198, 102, 2),
    (199, 102, 4),
    (200, 103, 2),
    (201, 103, 4),
    (202, 104, 1),
    (203, 104, 3),
    (204, 105, 2),
    (205, 105, 4),
    (206, 106, 2),
    (207, 106, 4),
    (208, 107, 1),
    (209, 107, 3),
    (210, 108, 5),
    (211, 109, 2),
    (212, 109, 4),
    (213, 110, 1),
    (214, 110, 3),
    (215, 111, 1),
    (216, 111, 3),
    (217, 112, 5),
    (218, 113, 1),
    (219, 113, 3),
    (220, 114, 2),
    (221, 114, 4),
    (222, 115, 1),
    (223, 115, 3),
    (224, 116, 2),
    (225, 116, 4),
    (226, 117, 2),
    (227, 117, 4),
    (228, 118, 2),
    (229, 118, 4),
    (230, 119, 1),
    (231, 119, 3),
    (232, 120, 2),
    (233, 120, 4),
    (234, 121, 1),
    (235, 121, 3),
    (236, 122, 2),
    (237, 122, 4),
    (238, 123, 2),
    (239, 123, 4),
    (240, 124, 2),
    (241, 124, 4),
    (242, 125, 2),
    (243, 125, 4),
    (244, 126, 2),
    (245, 126, 4),
    (246, 127, 1),
    (247, 127, 3),
    (248, 128, 2),
    (249, 128, 4),
    (250, 129, 1),
    (251, 129, 3),
    (252, 130, 2),
    (253, 130, 4),
    (254, 131, 2),
    (255, 131, 4),
    (256, 132, 2),
    (257, 132, 4),
    (258, 133, 1),
    (259, 133, 3),
    (260, 134, 2),
    (261, 134, 4),
    (262, 135, 2),
    (263, 135, 4),
    (264, 136, 1),
    (265, 136, 3),
    (266, 137, 1),
    (267, 137, 3),
    (268, 138, 1),
    (269, 138, 3),
    (270, 139, 1),
    (271, 139, 3),
    (272, 140, 2),
    (273, 140, 4),
    (274, 141, 2),
    (275, 141, 4),
    (276, 142, 2),
    (277, 142, 4),
    (278, 143, 5),
    (279, 144, 1),
    (280, 144, 3),
    (281, 145, 1),
    (282, 145, 3),
    (283, 146, 1),
    (284, 146, 3),
    (285, 147, 1),
    (286, 147, 3),
    (287, 148, 2),
    (288, 148, 4),
    (289, 149, 1),
    (290, 149, 3),
    (291, 150, 1),
    (292, 150, 3),
    (293, 151, 2),
    (294, 151, 4),
    (295, 152, 1),
    (296, 152, 3),
    (297, 153, 2),
    (298, 153, 4),
    (299, 154, 2),
    (300, 154, 4),
    (301, 155, 2),
    (302, 155, 4),
    (303, 156, 1),
    (304, 156, 3),
    (305, 157, 5),
    (306, 158, 2),
    (307, 158, 4),
    (308, 159, 1),
    (309, 159, 3),
    (310, 160, 1),
    (311, 160, 3),
    (312, 161, 2),
    (313, 161, 4),
    (314, 162, 1),
    (315, 162, 3),
    (316, 163, 2),
    (317, 163, 4),
    (318, 164, 1),
    (319, 164, 3),
    (320, 165, 1),
    (321, 165, 3),
    (322, 166, 2),
    (323, 166, 4),
    (324, 167, 1),
    (325, 167, 3),
    (326, 168, 1),
    (327, 168, 3),
    (328, 169, 2),
    (329, 169, 4),
    (330, 170, 1),
    (331, 170, 3),
    (332, 171, 5),
    (333, 172, 2),
    (334, 172, 4),
    (335, 173, 2),
    (336, 173, 4),
    (337, 174, 2),
    (338, 174, 4),
    (339, 175, 2),
    (340, 175, 4),
    (341, 176, 2),
    (342, 176, 4),
    (343, 177, 1),
    (344, 177, 3),
    (345, 178, 1),
    (346, 178, 3),
    (347, 179, 1),
    (348, 179, 3),
    (349, 180, 1),
    (350, 180, 3),
    (351, 181, 1),
    (352, 181, 3),
    (353, 182, 1),
    (354, 182, 3),
    (355, 183, 2),
    (356, 183, 4),
    (357, 184, 2),
    (358, 184, 4),
    (359, 185, 1),
    (360, 185, 3),
    (361, 186, 1),
    (362, 186, 3),
    (363, 187, 5),
    (364, 188, 1),
    (365, 188, 3),
    (366, 189, 1),
    (367, 189, 3),
    (368, 190, 2),
    (369, 190, 4),
    (370, 191, 2),
    (371, 191, 4),
    (372, 192, 1),
    (373, 192, 3),
    (374, 193, 1),
    (375, 193, 3),
    (376, 194, 2),
    (377, 194, 4),
    (378, 195, 1),
    (379, 195, 3),
    (380, 196, 1),
    (381, 196, 3),
    (382, 197, 2),
    (383, 197, 4),
    (384, 198, 2),
    (385, 198, 4),
    (386, 199, 1),
    (387, 199, 3),
    (388, 200, 1),
    (389, 200, 3),
    (390, 201, 1),
    (391, 201, 3),
    (392, 202, 2),
    (393, 202, 4),
    (394, 203, 2),
    (395, 203, 4),
    (396, 204, 2),
    (397, 204, 4),
    (398, 205, 2),
    (399, 205, 4),
    (400, 206, 2),
    (401, 206, 4),
    (402, 207, 1),
    (403, 207, 3),
    (404, 208, 1),
    (405, 208, 3),
    (406, 209, 2),
    (407, 209, 4),
    (408, 210, 2),
    (409, 210, 4),
    (410, 211, 2),
    (411, 211, 4),
    (412, 212, 2),
    (413, 212, 4),
    (414, 213, 2),
    (415, 213, 4),
    (416, 214, 1),
    (417, 214, 3),
    (418, 215, 1),
    (419, 215, 3),
    (420, 216, 1),
    (421, 216, 3),
    (422, 217, 1),
    (423, 217, 3),
    (424, 218, 2),
    (425, 218, 4),
    (426, 219, 1),
    (427, 219, 3),
    (428, 220, 1),
    (429, 220, 3),
    (430, 221, 1),
    (431, 221, 3),
    (432, 222, 5),
    (433, 223, 2),
    (434, 223, 4),
    (435, 224, 2),
    (436, 224, 4),
    (437, 225, 2),
    (438, 225, 4),
    (439, 226, 1),
    (440, 226, 3),
    (441, 227, 2),
    (442, 227, 4),
    (443, 228, 5),
    (444, 229, 1),
    (445, 229, 3),
    (446, 230, 2),
    (447, 230, 4),
    (448, 231, 2),
    (449, 231, 4),
    (450, 232, 5),
    (451, 233, 1),
    (452, 233, 3),
    (453, 234, 1),
    (454, 234, 3),
    (455, 235, 5),
    (456, 236, 2),
    (457, 236, 4),
    (458, 237, 2),
    (459, 237, 4),
    (460, 238, 1),
    (461, 238, 3),
    (462, 239, 1),
    (463, 239, 3),
    (464, 240, 2),
    (465, 240, 4),
    (466, 241, 2),
    (467, 241, 4),
    (468, 242, 2),
    (469, 242, 4),
    (470, 243, 1),
    (471, 243, 3),
    (472, 244, 1),
    (473, 244, 3),
    (474, 245, 2),
    (475, 245, 4),
    (476, 246, 2),
    (477, 246, 4),
    (478, 247, 1),
    (479, 247, 3),
    (480, 248, 2),
    (481, 248, 4),
    (482, 249, 1),
    (483, 249, 3),
    (484, 250, 1),
    (485, 250, 3),
    (486, 251, 2),
    (487, 251, 4),
    (488, 252, 1),
    (489, 252, 3),
    (490, 253, 2),
    (491, 253, 4),
    (492, 254, 2),
    (493, 254, 4),
    (494, 255, 2),
    (495, 255, 4),
    (496, 256, 2),
    (497, 256, 4),
    (498, 257, 2),
    (499, 257, 4),
    (500, 258, 2),
    (501, 258, 4),
    (502, 259, 2),
    (503, 259, 4),
    (504, 260, 2),
    (505, 260, 4),
    (506, 261, 1),
    (507, 261, 3),
    (508, 262, 1),
    (509, 262, 3),
    (510, 263, 1),
    (511, 263, 3),
    (512, 264, 2),
    (513, 264, 4),
    (514, 265, 1),
    (515, 265, 3),
    (516, 266, 1),
    (517, 266, 3),
    (518, 267, 1),
    (519, 267, 3),
    (520, 268, 2),
    (521, 268, 4),
    (522, 269, 1),
    (523, 269, 3),
    (524, 270, 2),
    (525, 270, 4),
    (526, 271, 2),
    (527, 271, 4),
    (528, 272, 5),
    (529, 273, 1),
    (530, 273, 3),
    (531, 274, 2),
    (532, 274, 4),
    (533, 275, 2),
    (534, 275, 4),
    (535, 276, 2),
    (536, 276, 4),
    (537, 277, 1),
    (538, 277, 3),
    (539, 278, 2),
    (540, 278, 4),
    (541, 279, 1),
    (542, 279, 3),
    (543, 280, 2),
    (544, 280, 4),
    (545, 281, 2),
    (546, 281, 4),
    (547, 282, 2),
    (548, 282, 4),
    (549, 283, 2),
    (550, 283, 4),
    (551, 284, 2),
    (552, 284, 4),
    (553, 285, 2),
    (554, 285, 4),
    (555, 286, 1),
    (556, 286, 3),
    (557, 287, 2),
    (558, 287, 4),
    (559, 288, 2),
    (560, 288, 4),
    (561, 289, 1),
    (562, 289, 3),
    (563, 290, 2),
    (564, 290, 4),
    (565, 291, 2),
    (566, 291, 4),
    (567, 292, 2),
    (568, 292, 4),
    (569, 293, 1),
    (570, 293, 3),
    (571, 294, 2),
    (572, 294, 4),
    (573, 295, 1),
    (574, 295, 3),
    (575, 296, 1),
    (576, 296, 3),
    (577, 297, 1),
    (578, 297, 3),
    (579, 298, 1),
    (580, 298, 3),
    (581, 299, 2),
    (582, 299, 4),
    (583, 300, 2),
    (584, 300, 4),
    (585, 301, 1),
    (586, 301, 3),
    (587, 302, 5),
    (588, 303, 1),
    (589, 303, 3),
    (590, 304, 1),
    (591, 304, 3),
    (592, 305, 2),
    (593, 305, 4),
    (594, 306, 1),
    (595, 306, 3),
    (596, 307, 1),
    (597, 307, 3),
    (598, 308, 2),
    (599, 308, 4),
    (600, 309, 2),
    (601, 309, 4),
    (602, 310, 2),
    (603, 310, 4),
    (604, 311, 2),
    (605, 311, 4),
    (606, 312, 2),
    (607, 312, 4),
    (608, 313, 2),
    (609, 313, 4),
    (610, 314, 2),
    (611, 314, 4),
    (612, 315, 2),
    (613, 315, 4),
    (614, 316, 2),
    (615, 316, 4),
    (616, 317, 1),
    (617, 317, 3),
    (618, 318, 1),
    (619, 318, 3),
    (620, 319, 2),
    (621, 319, 4),
    (622, 320, 2),
    (623, 320, 4),
    (624, 321, 2),
    (625, 321, 4),
    (626, 322, 1),
    (627, 322, 3),
    (628, 323, 1),
    (629, 323, 3),
    (630, 324, 1),
    (631, 324, 3),
    (632, 325, 1),
    (633, 325, 3),
    (634, 326, 2),
    (635, 326, 4),
    (636, 327, 5),
    (637, 328, 2),
    (638, 328, 4),
    (639, 329, 1),
    (640, 329, 3),
    (641, 330, 1),
    (642, 330, 3),
    (643, 331, 1),
    (644, 331, 3),
    (645, 332, 2),
    (646, 332, 4),
    (647, 333, 1),
    (648, 333, 3),
    (649, 334, 1),
    (650, 334, 3),
    (651, 335, 2),
    (652, 335, 4),
    (653, 336, 1),
    (654, 336, 3),
    (655, 337, 2),
    (656, 337, 4),
    (657, 338, 1),
    (658, 338, 3),
    (659, 339, 2),
    (660, 339, 4),
    (661, 340, 2),
    (662, 340, 4),
    (663, 341, 2),
    (664, 341, 4),
    (665, 342, 2),
    (666, 342, 4),
    (667, 343, 2),
    (668, 343, 4),
    (669, 344, 1),
    (670, 344, 3),
    (671, 345, 1),
    (672, 345, 3),
    (673, 346, 2),
    (674, 346, 4),
    (675, 347, 1),
    (676, 347, 3),
    (677, 348, 2),
    (678, 348, 4),
    (679, 349, 1),
    (680, 349, 3),
    (681, 350, 2),
    (682, 350, 4),
    (683, 351, 1),
    (684, 351, 3),
    (685, 352, 2),
    (686, 352, 4),
    (687, 353, 2),
    (688, 353, 4),
    (689, 354, 2),
    (690, 354, 4),
    (691, 355, 1),
    (692, 355, 3),
    (693, 356, 1),
    (694, 356, 3),
    (695, 357, 5),
    (696, 358, 1),
    (697, 358, 3),
    (698, 359, 1),
    (699, 359, 3),
    (700, 360, 1),
    (701, 360, 3),
    (702, 361, 2),
    (703, 361, 4),
    (704, 362, 2),
    (705, 362, 4),
    (706, 363, 2),
    (707, 363, 4),
    (708, 364, 2),
    (709, 364, 4),
    (710, 365, 2),
    (711, 365, 4),
    (712, 366, 2),
    (713, 366, 4),
    (714, 367, 1),
    (715, 367, 3),
    (716, 368, 1),
    (717, 368, 3),
    (718, 369, 1),
    (719, 369, 3),
    (720, 370, 2),
    (721, 370, 4),
    (722, 371, 5),
    (723, 372, 1),
    (724, 372, 3),
    (725, 373, 1),
    (726, 373, 3),
    (727, 374, 2),
    (728, 374, 4),
    (729, 375, 1),
    (730, 375, 3),
    (731, 376, 2),
    (732, 376, 4),
    (733, 377, 2),
    (734, 377, 4),
    (735, 378, 2),
    (736, 378, 4),
    (737, 379, 5),
    (738, 380, 2),
    (739, 380, 4),
    (740, 381, 1),
    (741, 381, 3),
    (742, 382, 1),
    (743, 382, 3),
    (744, 383, 1),
    (745, 383, 3),
    (746, 384, 1),
    (747, 384, 3),
    (748, 385, 5),
    (749, 386, 2),
    (750, 386, 4),
    (751, 387, 1),
    (752, 387, 3),
    (753, 388, 2),
    (754, 388, 4),
    (755, 389, 1),
    (756, 389, 3),
    (757, 390, 2),
    (758, 390, 4),
    (759, 391, 1),
    (760, 391, 3),
    (761, 392, 1),
    (762, 392, 3),
    (763, 393, 2),
    (764, 393, 4),
    (765, 394, 2),
    (766, 394, 4),
    (767, 395, 1),
    (768, 395, 3),
    (769, 396, 1),
    (770, 396, 3),
    (771, 397, 1),
    (772, 397, 3),
    (773, 398, 1),
    (774, 398, 3),
    (775, 399, 2),
    (776, 399, 4),
    (777, 400, 2),
    (778, 400, 4),
    (779, 401, 2),
    (780, 401, 4),
    (781, 402, 1),
    (782, 402, 3),
    (783, 403, 1),
    (784, 403, 3),
    (785, 404, 2),
    (786, 404, 4),
    (787, 405, 1),
    (788, 405, 3),
    (789, 406, 2),
    (790, 406, 4),
    (791, 407, 1),
    (792, 407, 3),
    (793, 408, 2),
    (794, 408, 4),
    (795, 409, 2),
    (796, 409, 4),
    (797, 410, 2),
    (798, 410, 4),
    (799, 411, 1),
    (800, 411, 3),
    (801, 412, 1),
    (802, 412, 3),
    (803, 413, 1),
    (804, 413, 3),
    (805, 414, 1),
    (806, 414, 3),
    (807, 415, 2),
    (808, 415, 4),
    (809, 416, 2),
    (810, 416, 4),
    (811, 417, 2),
    (812, 417, 4),
    (813, 418, 2),
    (814, 418, 4),
    (815, 419, 2),
    (816, 419, 4),
    (817, 420, 2),
    (818, 420, 4),
    (819, 421, 2),
    (820, 421, 4),
    (821, 422, 5),
    (822, 423, 2),
    (823, 423, 4),
    (824, 424, 1),
    (825, 424, 3),
    (826, 425, 2),
    (827, 425, 4),
    (828, 426, 2),
    (829, 426, 4),
    (830, 427, 2),
    (831, 427, 4),
    (832, 428, 1),
    (833, 428, 3),
    (834, 429, 1),
    (835, 429, 3),
    (836, 430, 1),
    (837, 430, 3),
    (838, 431, 2),
    (839, 431, 4),
    (840, 432, 1),
    (841, 432, 3),
    (842, 433, 1),
    (843, 433, 3),
    (844, 434, 1),
    (845, 434, 3),
    (846, 435, 2),
    (847, 435, 4),
    (848, 436, 1),
    (849, 436, 3),
    (850, 437, 1),
    (851, 437, 3),
    (852, 438, 2),
    (853, 438, 4),
    (854, 439, 2),
    (855, 439, 4),
    (856, 440, 2),
    (857, 440, 4),
    (858, 441, 2),
    (859, 441, 4),
    (860, 442, 5),
    (861, 443, 5),
    (862, 444, 2),
    (863, 444, 4),
    (864, 445, 1),
    (865, 445, 3),
    (866, 446, 1),
    (867, 446, 3),
    (868, 447, 1),
    (869, 447, 3),
    (870, 448, 2),
    (871, 448, 4),
    (872, 449, 2),
    (873, 449, 4),
    (874, 450, 2),
    (875, 450, 4),
    (876, 451, 1),
    (877, 451, 3),
    (878, 452, 2),
    (879, 452, 4),
    (880, 453, 2),
    (881, 453, 4),
    (882, 454, 2),
    (883, 454, 4),
    (884, 455, 1),
    (885, 455, 3),
    (886, 456, 1),
    (887, 456, 3),
    (888, 457, 2),
    (889, 457, 4),
    (890, 458, 1),
    (891, 458, 3),
    (892, 459, 1),
    (893, 459, 3),
    (894, 460, 2),
    (895, 460, 4),
    (896, 461, 1),
    (897, 461, 3),
    (898, 462, 2),
    (899, 462, 4),
    (900, 463, 1),
    (901, 463, 3),
    (902, 464, 2),
    (903, 464, 4),
    (904, 465, 2),
    (905, 465, 4),
    (906, 466, 2),
    (907, 466, 4),
    (908, 467, 2),
    (909, 467, 4),
    (910, 468, 2),
    (911, 468, 4),
    (912, 469, 1),
    (913, 469, 3),
    (914, 470, 2),
    (915, 470, 4),
    (916, 471, 2),
    (917, 471, 4),
    (918, 472, 1),
    (919, 472, 3),
    (920, 473, 2),
    (921, 473, 4),
    (922, 474, 1),
    (923, 474, 3),
    (924, 475, 2),
    (925, 475, 4),
    (926, 476, 1),
    (927, 476, 3),
    (928, 477, 1),
    (929, 477, 3),
    (930, 478, 2),
    (931, 478, 4),
    (932, 479, 2),
    (933, 479, 4),
    (934, 480, 1),
    (935, 480, 3),
    (936, 481, 2),
    (937, 481, 4),
    (938, 482, 1),
    (939, 482, 3),
    (940, 483, 2),
    (941, 483, 4),
    (942, 484, 1),
    (943, 484, 3),
    (944, 485, 2),
    (945, 485, 4),
    (946, 486, 1),
    (947, 486, 3),
    (948, 487, 2),
    (949, 487, 4),
    (950, 488, 1),
    (951, 488, 3),
    (952, 489, 2),
    (953, 489, 4),
    (954, 490, 2),
    (955, 490, 4),
    (956, 491, 2),
    (957, 491, 4),
    (958, 492, 1),
    (959, 492, 3),
    (960, 493, 1),
    (961, 493, 3),
    (962, 494, 2),
    (963, 494, 4),
    (964, 495, 2),
    (965, 495, 4),
    (966, 496, 2),
    (967, 496, 4),
    (968, 497, 1),
    (969, 497, 3),
    (970, 498, 2),
    (971, 498, 4),
    (972, 499, 2),
    (973, 499, 4),
    (974, 500, 2),
    (975, 500, 4),
    (976, 501, 2),
    (977, 501, 4),
    (978, 502, 2),
    (979, 502, 4),
    (980, 503, 1),
    (981, 503, 3),
    (982, 504, 2),
    (983, 504, 4),
    (984, 505, 2),
    (985, 505, 4),
    (986, 506, 1),
    (987, 506, 3),
    (988, 507, 1),
    (989, 507, 3),
    (990, 508, 1),
    (991, 508, 3),
    (992, 509, 2),
    (993, 509, 4),
    (994, 510, 2),
    (995, 510, 4),
    (996, 511, 1),
    (997, 511, 3),
    (998, 512, 2),
    (999, 512, 4),
    (1000, 513, 1),
    (1001, 513, 3),
    (1002, 514, 2),
    (1003, 514, 4),
    (1004, 515, 1),
    (1005, 515, 3),
    (1006, 516, 2),
    (1007, 516, 4),
    (1008, 517, 1),
    (1009, 517, 3),
    (1010, 518, 1),
    (1011, 518, 3),
    (1012, 519, 1),
    (1013, 519, 3),
    (1014, 520, 1),
    (1015, 520, 3),
    (1016, 521, 1),
    (1017, 521, 3),
    (1018, 522, 1),
    (1019, 522, 3),
    (1020, 523, 5),
    (1021, 524, 1),
    (1022, 524, 3),
    (1023, 525, 2),
    (1024, 525, 4),
    (1025, 526, 2),
    (1026, 526, 4),
    (1027, 527, 5),
    (1028, 528, 2),
    (1029, 528, 4),
    (1030, 529, 5),
    (1031, 530, 2),
    (1032, 530, 4),
    (1033, 531, 2),
    (1034, 531, 4),
    (1035, 532, 1),
    (1036, 532, 3),
    (1037, 533, 1),
    (1038, 533, 3),
    (1039, 534, 2),
    (1040, 534, 4),
    (1041, 535, 1),
    (1042, 535, 3),
    (1043, 536, 1),
    (1044, 536, 3),
    (1045, 537, 2),
    (1046, 537, 4),
    (1047, 538, 1),
    (1048, 538, 3),
    (1049, 539, 2),
    (1050, 539, 4),
    (1051, 540, 1),
    (1052, 540, 3),
    (1053, 541, 1),
    (1054, 541, 3),
    (1055, 542, 1),
    (1056, 542, 3),
    (1057, 543, 1),
    (1058, 543, 3),
    (1059, 544, 2),
    (1060, 544, 4),
    (1061, 545, 2),
    (1062, 545, 4),
    (1063, 546, 1),
    (1064, 546, 3),
    (1065, 547, 2),
    (1066, 547, 4),
    (1067, 548, 1),
    (1068, 548, 3),
    (1069, 549, 2),
    (1070, 549, 4),
    (1071, 550, 2),
    (1072, 550, 4),
    (1073, 551, 1),
    (1074, 551, 3),
    (1075, 552, 2),
    (1076, 552, 4),
    (1077, 553, 2),
    (1078, 553, 4),
    (1079, 554, 1),
    (1080, 554, 3),
    (1081, 555, 2),
    (1082, 555, 4),
    (1083, 556, 2),
    (1084, 556, 4),
    (1085, 557, 2),
    (1086, 557, 4),
    (1087, 558, 1),
    (1088, 558, 3),
    (1089, 559, 1),
    (1090, 559, 3),
    (1091, 560, 1),
    (1092, 560, 3),
    (1093, 561, 2),
    (1094, 561, 4),
    (1095, 562, 2),
    (1096, 562, 4),
    (1097, 563, 1),
    (1098, 563, 3),
    (1099, 564, 1),
    (1100, 564, 3),
    (1101, 565, 2),
    (1102, 565, 4),
    (1103, 566, 2),
    (1104, 566, 4),
    (1105, 567, 1),
    (1106, 567, 3),
    (1107, 568, 2),
    (1108, 568, 4),
    (1109, 569, 2),
    (1110, 569, 4),
    (1111, 570, 1),
    (1112, 570, 3),
    (1113, 571, 1),
    (1114, 571, 3),
    (1115, 572, 5),
    (1116, 573, 1),
    (1117, 573, 3),
    (1118, 574, 2),
    (1119, 574, 4),
    (1120, 575, 2),
    (1121, 575, 4),
    (1122, 576, 1),
    (1123, 576, 3),
    (1124, 577, 1),
    (1125, 577, 3),
    (1126, 578, 1),
    (1127, 578, 3),
    (1128, 579, 2),
    (1129, 579, 4),
    (1130, 580, 2),
    (1131, 580, 4),
    (1132, 581, 2),
    (1133, 581, 4),
    (1134, 582, 2),
    (1135, 582, 4),
    (1136, 583, 1),
    (1137, 583, 3),
    (1138, 584, 1),
    (1139, 584, 3),
    (1140, 585, 1),
    (1141, 585, 3),
    (1142, 586, 2),
    (1143, 586, 4),
    (1144, 587, 1),
    (1145, 587, 3),
    (1146, 588, 2),
    (1147, 588, 4),
    (1148, 589, 2),
    (1149, 589, 4),
    (1150, 590, 2),
    (1151, 590, 4),
    (1152, 591, 1),
    (1153, 591, 3),
    (1154, 592, 1),
    (1155, 592, 3),
    (1156, 593, 1),
    (1157, 593, 3),
    (1158, 594, 1),
    (1159, 594, 3),
    (1160, 595, 2),
    (1161, 595, 4),
    (1162, 596, 1),
    (1163, 596, 3),
    (1164, 597, 2),
    (1165, 597, 4),
    (1166, 598, 2),
    (1167, 598, 4),
    (1168, 599, 5),
    (1169, 600, 1),
    (1170, 600, 3),
    (1171, 601, 1),
    (1172, 601, 3),
    (1173, 602, 2),
    (1174, 602, 4),
    (1175, 603, 1),
    (1176, 603, 3),
    (1177, 604, 2),
    (1178, 604, 4),
    (1179, 605, 1),
    (1180, 605, 3),
    (1181, 606, 2),
    (1182, 606, 4),
    (1183, 607, 2),
    (1184, 607, 4),
    (1185, 608, 1),
    (1186, 608, 3),
    (1187, 609, 2),
    (1188, 609, 4),
    (1189, 610, 1),
    (1190, 610, 3),
    (1191, 611, 2),
    (1192, 611, 4),
    (1193, 612, 1),
    (1194, 612, 3),
    (1195, 613, 1),
    (1196, 613, 3),
    (1197, 614, 1),
    (1198, 614, 3),
    (1199, 615, 1),
    (1200, 615, 3),
    (1201, 616, 1),
    (1202, 616, 3),
    (1203, 617, 1),
    (1204, 617, 3),
    (1205, 618, 2),
    (1206, 618, 4),
    (1207, 619, 1),
    (1208, 619, 3),
    (1209, 620, 2),
    (1210, 620, 4),
    (1211, 621, 2),
    (1212, 621, 4),
    (1213, 622, 1),
    (1214, 622, 3),
    (1215, 623, 1),
    (1216, 623, 3),
    (1217, 624, 2),
    (1218, 624, 4),
    (1219, 625, 1),
    (1220, 625, 3),
    (1221, 626, 2),
    (1222, 626, 4),
    (1223, 627, 2),
    (1224, 627, 4),
    (1225, 628, 2),
    (1226, 628, 4),
    (1227, 629, 1),
    (1228, 629, 3),
    (1229, 630, 1),
    (1230, 630, 3),
    (1231, 631, 5),
    (1232, 632, 2),
    (1233, 632, 4),
    (1234, 633, 1),
    (1235, 633, 3),
    (1236, 634, 2),
    (1237, 634, 4),
    (1238, 635, 2),
    (1239, 635, 4),
    (1240, 636, 2),
    (1241, 636, 4),
    (1242, 637, 1),
    (1243, 637, 3),
    (1244, 638, 2),
    (1245, 638, 4),
    (1246, 639, 2),
    (1247, 639, 4),
    (1248, 640, 1),
    (1249, 640, 3),
    (1250, 641, 2),
    (1251, 641, 4),
    (1252, 642, 1),
    (1253, 642, 3),
    (1254, 643, 2),
    (1255, 643, 4),
    (1256, 644, 2),
    (1257, 644, 4),
    (1258, 645, 1),
    (1259, 645, 3),
    (1260, 646, 5),
    (1261, 647, 2),
    (1262, 647, 4),
    (1263, 648, 1),
    (1264, 648, 3),
    (1265, 649, 1),
    (1266, 649, 3),
    (1267, 650, 2),
    (1268, 650, 4),
    (1269, 651, 2),
    (1270, 651, 4),
    (1271, 652, 2),
    (1272, 652, 4),
    (1273, 653, 1),
    (1274, 653, 3),
    (1275, 654, 2),
    (1276, 654, 4),
    (1277, 655, 2),
    (1278, 655, 4),
    (1279, 656, 1),
    (1280, 656, 3),
    (1281, 657, 2),
    (1282, 657, 4),
    (1283, 658, 2),
    (1284, 658, 4),
    (1285, 659, 5),
    (1286, 660, 2),
    (1287, 660, 4),
    (1288, 661, 2),
    (1289, 661, 4),
    (1290, 662, 2),
    (1291, 662, 4),
    (1292, 663, 2),
    (1293, 663, 4),
    (1294, 664, 1),
    (1295, 664, 3),
    (1296, 665, 1),
    (1297, 665, 3),
    (1298, 666, 1),
    (1299, 666, 3),
    (1300, 667, 1),
    (1301, 667, 3),
    (1302, 668, 2),
    (1303, 668, 4),
    (1304, 669, 2),
    (1305, 669, 4),
    (1306, 670, 2),
    (1307, 670, 4),
    (1308, 671, 2),
    (1309, 671, 4),
    (1310, 672, 1),
    (1311, 672, 3),
    (1312, 673, 1),
    (1313, 673, 3),
    (1314, 674, 2),
    (1315, 674, 4),
    (1316, 675, 2),
    (1317, 675, 4),
    (1318, 676, 5),
    (1319, 677, 2),
    (1320, 677, 4),
    (1321, 678, 2),
    (1322, 678, 4),
    (1323, 679, 2),
    (1324, 679, 4),
    (1325, 680, 2),
    (1326, 680, 4),
    (1327, 681, 2),
    (1328, 681, 4),
    (1329, 682, 2),
    (1330, 682, 4),
    (1331, 683, 2),
    (1332, 683, 4),
    (1333, 684, 2),
    (1334, 684, 4),
    (1335, 685, 2),
    (1336, 685, 4),
    (1337, 686, 1),
    (1338, 686, 3),
    (1339, 687, 1),
    (1340, 687, 3),
    (1341, 688, 2),
    (1342, 688, 4),
    (1343, 689, 1),
    (1344, 689, 3),
    (1345, 690, 1),
    (1346, 690, 3),
    (1347, 691, 1),
    (1348, 691, 3),
    (1349, 692, 2),
    (1350, 692, 4),
    (1351, 693, 1),
    (1352, 693, 3),
    (1353, 694, 1),
    (1354, 694, 3),
    (1355, 695, 2),
    (1356, 695, 4),
    (1357, 696, 1),
    (1358, 696, 3),
    (1359, 697, 1),
    (1360, 697, 3),
    (1361, 698, 1),
    (1362, 698, 3),
    (1363, 699, 1),
    (1364, 699, 3),
    (1365, 700, 2),
    (1366, 700, 4),
    (1367, 701, 2),
    (1368, 701, 4),
    (1369, 702, 1),
    (1370, 702, 3),
    (1371, 703, 1),
    (1372, 703, 3),
    (1373, 704, 5),
    (1374, 705, 2),
    (1375, 705, 4),
    (1376, 706, 2),
    (1377, 706, 4),
    (1378, 707, 2),
    (1379, 707, 4),
    (1380, 708, 5),
    (1381, 709, 1),
    (1382, 709, 3),
    (1383, 710, 1),
    (1384, 710, 3),
    (1385, 711, 2),
    (1386, 711, 4),
    (1387, 712, 2),
    (1388, 712, 4),
    (1389, 713, 2),
    (1390, 713, 4),
    (1391, 714, 5),
    (1392, 715, 5),
    (1393, 716, 1),
    (1394, 716, 3),
    (1395, 717, 1),
    (1396, 717, 3),
    (1397, 718, 1),
    (1398, 718, 3),
    (1399, 719, 1),
    (1400, 719, 3),
    (1401, 720, 1),
    (1402, 720, 3),
    (1403, 721, 1),
    (1404, 721, 3),
    (1405, 722, 1),
    (1406, 722, 3),
    (1407, 723, 2),
    (1408, 723, 4),
    (1409, 724, 2),
    (1410, 724, 4),
    (1411, 725, 1),
    (1412, 725, 3),
    (1413, 726, 2),
    (1414, 726, 4),
    (1415, 727, 2),
    (1416, 727, 4),
    (1417, 728, 2),
    (1418, 728, 4),
    (1419, 729, 2),
    (1420, 729, 4),
    (1421, 730, 2),
    (1422, 730, 4),
    (1423, 731, 1),
    (1424, 731, 3),
    (1425, 732, 1),
    (1426, 732, 3),
    (1427, 733, 2),
    (1428, 733, 4),
    (1429, 734, 1),
    (1430, 734, 3),
    (1431, 735, 1),
    (1432, 735, 3),
    (1433, 736, 2),
    (1434, 736, 4),
    (1435, 737, 2),
    (1436, 737, 4),
    (1437, 738, 1),
    (1438, 738, 3),
    (1439, 739, 2),
    (1440, 739, 4),
    (1441, 740, 1),
    (1442, 740, 3),
    (1443, 741, 2),
    (1444, 741, 4),
    (1445, 742, 2),
    (1446, 742, 4),
    (1447, 743, 1),
    (1448, 743, 3),
    (1449, 744, 2),
    (1450, 744, 4),
    (1451, 745, 1),
    (1452, 745, 3),
    (1453, 746, 1),
    (1454, 746, 3),
    (1455, 747, 2),
    (1456, 747, 4),
    (1457, 748, 1),
    (1458, 748, 3),
    (1459, 749, 1),
    (1460, 749, 3),
    (1461, 750, 1),
    (1462, 750, 3),
    (1463, 751, 1),
    (1464, 751, 3),
    (1465, 752, 2),
    (1466, 752, 4),
    (1467, 753, 2),
    (1468, 753, 4),
    (1469, 754, 1),
    (1470, 754, 3),
    (1471, 755, 1),
    (1472, 755, 3),
    (1473, 756, 1),
    (1474, 756, 3),
    (1475, 757, 1),
    (1476, 757, 3),
    (1477, 758, 1),
    (1478, 758, 3),
    (1479, 759, 2),
    (1480, 759, 4),
    (1481, 760, 2),
    (1482, 760, 4),
    (1483, 761, 5),
    (1484, 762, 1),
    (1485, 762, 3),
    (1486, 763, 1),
    (1487, 763, 3),
    (1488, 764, 1),
    (1489, 764, 3),
    (1490, 765, 2),
    (1491, 765, 4),
    (1492, 766, 2),
    (1493, 766, 4),
    (1494, 767, 1),
    (1495, 767, 3),
    (1496, 768, 1),
    (1497, 768, 3),
    (1498, 769, 2),
    (1499, 769, 4),
    (1500, 770, 2),
    (1501, 770, 4),
    (1502, 771, 1),
    (1503, 771, 3),
    (1504, 772, 2),
    (1505, 772, 4),
    (1506, 773, 2),
    (1507, 773, 4),
    (1508, 774, 1),
    (1509, 774, 3),
    (1510, 775, 1),
    (1511, 775, 3),
    (1512, 776, 2),
    (1513, 776, 4),
    (1514, 777, 1),
    (1515, 777, 3),
    (1516, 778, 1),
    (1517, 778, 3),
    (1518, 779, 2),
    (1519, 779, 4),
    (1520, 780, 2),
    (1521, 780, 4),
    (1522, 781, 1),
    (1523, 781, 3),
    (1524, 782, 1),
    (1525, 782, 3),
    (1526, 783, 1),
    (1527, 783, 3),
    (1528, 784, 5),
    (1529, 785, 2),
    (1530, 785, 4),
    (1531, 786, 5),
    (1532, 787, 2),
    (1533, 787, 4),
    (1534, 788, 1),
    (1535, 788, 3),
    (1536, 789, 2),
    (1537, 789, 4),
    (1538, 790, 1),
    (1539, 790, 3),
    (1540, 791, 2),
    (1541, 791, 4),
    (1542, 792, 1),
    (1543, 792, 3),
    (1544, 793, 2),
    (1545, 793, 4),
    (1546, 794, 2),
    (1547, 794, 4),
    (1548, 795, 1),
    (1549, 795, 3),
    (1550, 796, 2),
    (1551, 796, 4),
    (1552, 797, 2),
    (1553, 797, 4),
    (1554, 798, 1),
    (1555, 798, 3),
    (1556, 799, 2),
    (1557, 799, 4),
    (1558, 800, 2),
    (1559, 800, 4),
    (1560, 801, 1),
    (1561, 801, 3),
    (1562, 802, 2),
    (1563, 802, 4),
    (1564, 803, 2),
    (1565, 803, 4),
    (1566, 804, 2),
    (1567, 804, 4),
    (1568, 805, 1),
    (1569, 805, 3),
    (1570, 806, 2),
    (1571, 806, 4),
    (1572, 807, 1),
    (1573, 807, 3),
    (1574, 808, 1),
    (1575, 808, 3),
    (1576, 809, 1),
    (1577, 809, 3),
    (1578, 810, 2),
    (1579, 810, 4),
    (1580, 811, 1),
    (1581, 811, 3),
    (1582, 812, 2),
    (1583, 812, 4),
    (1584, 813, 1),
    (1585, 813, 3),
    (1586, 814, 1),
    (1587, 814, 3),
    (1588, 815, 1),
    (1589, 815, 3),
    (1590, 816, 2),
    (1591, 816, 4),
    (1592, 817, 2),
    (1593, 817, 4),
    (1594, 818, 1),
    (1595, 818, 3),
    (1596, 819, 1),
    (1597, 819, 3),
    (1598, 820, 2),
    (1599, 820, 4),
    (1600, 821, 1),
    (1601, 821, 3),
    (1602, 822, 1),
    (1603, 822, 3),
    (1604, 823, 2),
    (1605, 823, 4),
    (1606, 824, 1),
    (1607, 824, 3),
    (1608, 825, 2),
    (1609, 825, 4),
    (1610, 826, 1),
    (1611, 826, 3),
    (1612, 827, 1),
    (1613, 827, 3),
    (1614, 828, 2),
    (1615, 828, 4),
    (1616, 829, 1),
    (1617, 829, 3),
    (1618, 830, 1),
    (1619, 830, 3),
    (1620, 831, 2),
    (1621, 831, 4),
    (1622, 832, 1),
    (1623, 832, 3),
    (1624, 833, 2),
    (1625, 833, 4),
    (1626, 834, 2),
    (1627, 834, 4),
    (1628, 835, 1),
    (1629, 835, 3),
    (1630, 836, 1),
    (1631, 836, 3),
    (1632, 837, 2),
    (1633, 837, 4),
    (1634, 838, 1),
    (1635, 838, 3),
    (1636, 839, 2),
    (1637, 839, 4),
    (1638, 840, 1),
    (1639, 840, 3),
    (1640, 841, 2),
    (1641, 841, 4),
    (1642, 842, 1),
    (1643, 842, 3),
    (1644, 843, 1),
    (1645, 843, 3),
    (1646, 844, 2),
    (1647, 844, 4),
    (1648, 845, 1),
    (1649, 845, 3),
    (1650, 846, 2),
    (1651, 846, 4),
    (1652, 847, 2),
    (1653, 847, 4),
    (1654, 848, 1),
    (1655, 848, 3),
    (1656, 849, 2),
    (1657, 849, 4),
    (1658, 850, 1),
    (1659, 850, 3),
    (1660, 851, 1),
    (1661, 851, 3),
    (1662, 852, 1),
    (1663, 852, 3),
    (1664, 853, 1),
    (1665, 853, 3),
    (1666, 854, 2),
    (1667, 854, 4),
    (1668, 855, 2),
    (1669, 855, 4),
    (1670, 856, 2),
    (1671, 856, 4),
    (1672, 857, 2),
    (1673, 857, 4),
    (1674, 858, 2),
    (1675, 858, 4),
    (1676, 859, 2),
    (1677, 859, 4),
    (1678, 860, 2),
    (1679, 860, 4),
    (1680, 861, 2),
    (1681, 861, 4),
    (1682, 862, 2),
    (1683, 862, 4),
    (1684, 863, 1),
    (1685, 863, 3),
    (1686, 864, 2),
    (1687, 864, 4),
    (1688, 865, 2),
    (1689, 865, 4),
    (1690, 866, 2),
    (1691, 866, 4),
    (1692, 867, 1),
    (1693, 867, 3),
    (1694, 868, 2),
    (1695, 868, 4),
    (1696, 869, 2),
    (1697, 869, 4),
    (1698, 870, 1),
    (1699, 870, 3),
    (1700, 871, 2),
    (1701, 871, 4),
    (1702, 872, 2),
    (1703, 872, 4),
    (1704, 873, 2),
    (1705, 873, 4),
    (1706, 874, 5),
    (1707, 875, 1),
    (1708, 875, 3),
    (1709, 876, 2),
    (1710, 876, 4),
    (1711, 877, 2),
    (1712, 877, 4),
    (1713, 878, 2),
    (1714, 878, 4),
    (1715, 879, 2),
    (1716, 879, 4),
    (1717, 880, 1),
    (1718, 880, 3),
    (1719, 881, 1),
    (1720, 881, 3),
    (1721, 882, 2),
    (1722, 882, 4),
    (1723, 883, 5),
    (1724, 884, 1),
    (1725, 884, 3),
    (1726, 885, 2),
    (1727, 885, 4),
    (1728, 886, 1),
    (1729, 886, 3),
    (1730, 887, 1),
    (1731, 887, 3),
    (1732, 888, 2),
    (1733, 888, 4),
    (1734, 889, 2),
    (1735, 889, 4),
    (1736, 890, 1),
    (1737, 890, 3),
    (1738, 891, 1),
    (1739, 891, 3),
    (1740, 892, 2),
    (1741, 892, 4),
    (1742, 893, 1),
    (1743, 893, 3),
    (1744, 894, 1),
    (1745, 894, 3),
    (1746, 895, 2),
    (1747, 895, 4),
    (1748, 896, 2),
    (1749, 896, 4),
    (1750, 897, 2),
    (1751, 897, 4),
    (1752, 898, 2),
    (1753, 898, 4),
    (1754, 899, 1),
    (1755, 899, 3),
    (1756, 900, 1),
    (1757, 900, 3),
    (1758, 901, 1),
    (1759, 901, 3),
    (1760, 902, 1),
    (1761, 902, 3),
    (1762, 903, 1),
    (1763, 903, 3),
    (1764, 904, 1),
    (1765, 904, 3),
    (1766, 905, 1),
    (1767, 905, 3),
    (1768, 906, 1),
    (1769, 906, 3),
    (1770, 907, 2),
    (1771, 907, 4),
    (1772, 908, 2),
    (1773, 908, 4),
    (1774, 909, 1),
    (1775, 909, 3),
    (1776, 910, 1),
    (1777, 910, 3),
    (1778, 911, 2),
    (1779, 911, 4),
    (1780, 912, 2),
    (1781, 912, 4),
    (1782, 913, 1),
    (1783, 913, 3),
    (1784, 914, 1),
    (1785, 914, 3),
    (1786, 915, 2),
    (1787, 915, 4),
    (1788, 916, 1),
    (1789, 916, 3),
    (1790, 917, 2),
    (1791, 917, 4),
    (1792, 918, 2),
    (1793, 918, 4),
    (1794, 919, 1),
    (1795, 919, 3),
    (1796, 920, 2),
    (1797, 920, 4),
    (1798, 921, 1),
    (1799, 921, 3),
    (1800, 922, 1),
    (1801, 922, 3),
    (1802, 923, 2),
    (1803, 923, 4),
    (1804, 924, 5),
    (1805, 925, 2),
    (1806, 925, 4),
    (1807, 926, 1),
    (1808, 926, 3),
    (1809, 927, 1),
    (1810, 927, 3),
    (1811, 928, 2),
    (1812, 928, 4),
    (1813, 929, 1),
    (1814, 929, 3),
    (1815, 930, 1),
    (1816, 930, 3);

INSERT INTO Malla_Carrera(MallaCarrera_id, Carrera_id) VALUES
    (1, 31), -- COMPUTACION
    (2, 24), -- GASTRONOMIA
    (3, 1), -- ADM DE EMPRESAS
    (4, 20), -- EDUCACION
    (5, 7); -- ARTES VISUALES

INSERT INTO Malla_Subespecializacion (MallaSubEsp_id, SubEsp_id) VALUES
    (1, 17), # VIDEOJUEGOS
    (2, 74), #DANZA
    (3, 61), #ING INDUSTRIAL
    (4, 64), # MATEMATICAS
    (5, 9); # CINE

INSERT INTO MallaCarreraAsignatura (MallaCarrera_id, Asignatura_id, Semestre_id) VALUES
    #PARA MALLA COMPUTACION
    (1, 1, 1),
    (1, 2, 1),
    (1, 3, 1),
    (1, 4, 1),
    (1, 5, 1),
    (1, 6, 1),
    (1, 7, 1),
    (1, 8, 2),
    (1, 9, 2),
    (1, 10, 2),
    (1, 11, 2),
    (1, 12, 2),
    (1, 13, 2),
    (1, 14, 3),
    (1, 15, 3),
    (1, 16, 3),
    (1, 17, 3),
    (1, 18, 3),
    (1, 19, 3),
    (1, 20, 3),
    (1, 21, 4),
    (1, 22, 4),
    (1, 23, 4),
    (1, 24, 4),
    (1, 25, 5),
    (1, 26, 5),
    (1, 27, 5),
    (1, 28, 5),
    (1, 29, 5),
    (1, 30, 6),
    (1, 31, 6),
    (1, 32, 6),
    (1, 33, 6),
    (1, 34, 7),
    (1, 35, 7),
    (1, 36, 8),
    (1, 37, 8),
    (1, 38, 8),
    (1, 39, 8),
    (1, 40, 8),
    (1, 41, 9),
    (1, 42, 9),
    (1, 43, 9),
    (1, 44, 9),
    (1, 45, 9),
    #MALLA Gastronomia
    (2, 1, 1),
    (2, 6, 1),
    (2, 7, 1),
    (2, 10, 1),
    (2, 46, 1),
    (2, 47, 1),
    (2, 48, 1),
    (2, 5, 2),
    (2, 11, 2),
    (2, 12, 2),
    (2, 13, 2),
    (2, 49, 2),
    (2, 50, 2),
    (2, 51, 2),
    (2, 19, 3),
    (2, 20, 3),
    (2, 52, 3),
    (2, 53, 3),
    (2, 54, 3),
    (2, 55, 3),
    (2, 16, 4),
    (2, 24, 4),
    (2, 25, 4),
    (2, 56, 4),
    (2, 57, 4),
    (2, 16, 4),
    (2, 59, 4),
    (2, 60, 5),
    (2, 32, 5),
    (2, 61, 5),
    (2, 62, 5),
    (2, 63, 5),
    (2, 40, 5),
    (2, 64, 6),
    (2, 65, 6),
    (2, 66, 6),
    (2, 67, 7),
    (2, 68, 7),
    (2, 69, 7),
    (2, 70, 8),
    (2, 71, 8),
    #MALLA ADMIN
    (3, 1, 1),
    (3, 5, 1),
    (3, 6, 1),
    (3, 7, 1),
    (3, 10, 1),
    (3, 16, 1),
    (3, 48, 1),
    (3, 11, 2),
    (3, 12, 2),
    (3, 13, 2),
    (3, 46, 2),
    (3, 52, 2),
    (3, 97, 2),
    (3, 19, 3),
    (3, 20, 3),
    (3, 32, 3),
    (3, 98, 3),
    (3, 99, 3),
    (3, 100, 3),
    (3, 24, 4),
    (3, 101, 4),
    (3, 102, 4),
    (3, 103, 5),
    (3, 104, 5),
    (3, 105, 5),
    (3, 106, 5),
    (3, 107, 5),
    (3, 40, 5),
    (3, 108, 6),
    (3, 109, 6),
    (3, 110, 7),
    (3, 111, 7),
    (3, 112, 7),
    (3, 113, 7),
    (3, 25, 8),
    (3, 114, 8),
    (3, 115, 8),
    (3, 116, 8),
    #MALLA Educacion
    (4, 1, 1),
    (4, 5, 1),
    (4, 6, 1),
    (4, 7, 1),
    (4, 10, 1),
    (4, 72, 1),
    (4, 73, 1),
    (4, 11, 2),
    (4, 12, 2),
    (4, 13, 2),
    (4, 74, 2),
    (4, 75, 2),
    (4, 76, 2),
    (4, 16, 3),
    (4, 19, 3),
    (4, 20, 3),
    (4, 32, 3),
    (4, 77, 3),
    (4, 78, 3),
    (4, 79, 4),
    (4, 80, 4),
    (4, 81, 4),
    (4, 82, 4),
    (4, 24, 5),
    (4, 83, 5),
    (4, 84, 5),
    (4, 40, 5),
    (4, 85, 6),
    (4, 86, 6),
    (4, 87, 6),
    (4, 88, 6),
    (4, 89, 7),
    (4, 90, 7),
    (4, 91, 7),
    (4, 25, 8),
    (4, 92, 8),
    (4, 93, 8),
    #MALLA ARTES VISUALES
    (5, 1, 1),
    (5, 117, 1),
    (5, 118, 1),
    (5, 5, 1),
    (5, 119, 1),
    (5, 6, 1),
    (5, 7, 1),
    (5, 120, 2),
    (5, 121, 2),
    (5, 122, 2),
    (5, 123, 2),
    (5, 10, 2),
    (5, 12, 2),
    (5, 13, 2),
    (5, 124, 3),
    (5, 125, 3),
    (5, 11, 3),
    (5, 19, 3),
    (5, 20, 3),
    (5, 126, 4),
    (5, 127, 4),
    (5, 16, 4),
    (5, 24, 4),
    (5, 128, 4),
    (5, 129, 5),
    (5, 130, 5),
    (5, 131, 5),
    (5, 132, 5),
    (5, 133, 5),
    (5, 40, 5),
    (5, 32, 6),
    (5, 134, 6),
    (5, 135, 6),
    (5, 136, 7),
    (5, 137, 7),
    (5, 138, 7),
    (5, 139, 7),
    (5, 140, 7),
    (5, 141, 8),
    (5, 142, 8),
    (5, 25, 8);

INSERT INTO MallaSubEsp_Asignatura (MallaSubEsp_id, Asignatura_id) VALUES
    (1, 117),
    (1, 143),
    (1, 144),
    (1, 145),
    (1, 146),
    (1, 147),
    (2, 169),
    (2, 170),
    (2, 171),
    (2, 172),
    (2, 173),
    (2, 174),
    (3, 181),
    (3, 182),
    (3, 183),
    (3, 184),
    (3, 185),
    (3, 186),
    (4, 148),
    (4, 149),
    (4, 150),
    (4, 151),
    (4, 152),
    (4, 155),
    (5, 175),
    (5, 176),
    (5, 177),
    (5, 178),
    (5, 179),
    (5, 180);

INSERT INTO Keywords (Keyword_id, Palabra) VALUES
    (1, 'Prueba1'),
    (2, 'Prueba2'),
    (3, 'Prueba3'),
    (4, 'Prueba4'),
    (5, 'Prueba5'),
    (6, 'Prueba6'),
    (7, 'Prueba7'),
    (8, 'Prueba8'),
    (9, 'Prueba9'),
    (10, 'Prueba10'),
    (11, 'Prueba11'),
    (12, 'Prueba12'),
    (13, 'Prueba13'),
    (14, 'Prueba14'),
    (15, 'Prueba15'),
    (16, 'Prueba16'),
    (17, 'Prueba17'),
    (18, 'Prueba18'),
    (19, 'Prueba19'),
    (20, 'Prueba20'),
    (21, 'Prueba21'),
    (22, 'Prueba22'),
    (23, 'Prueba23'),
    (24, 'Prueba24'),
    (25, 'Prueba25'),
    (26, 'Prueba26'),
    (27, 'Prueba27'),
    (28, 'Prueba28'),
    (29, 'Prueba29'),
    (30, 'Prueba30'),
    (31, 'Prueba31'),
    (32, 'Prueba32'),
    (33, 'Prueba33'),
    (34, 'Prueba34'),
    (35, 'Prueba35'),
    (36, 'Prueba36'),
    (37, 'Prueba37'),
    (38, 'Prueba38'),
    (39, 'Prueba39'),
    (40, 'Prueba40'),
    (41, 'Prueba41'),
    (42, 'Prueba42'),
    (43, 'Prueba43'),
    (44, 'Prueba44'),
    (45, 'Prueba45'),
    (46, 'Prueba46'),
    (47, 'Prueba47'),
    (48, 'Prueba48'),
    (49, 'Prueba49'),
    (50, 'Prueba50');

INSERT INTO Palabra_Estudiante (Keyword_id, Estudiante_id) VALUES
    (7,278516),
    (13,278516),
    (19,278516),
    (25,278516),
    (31,278516),
    (1,544377),
    (1,544377),
    (1,544377),
    (1,544377),
    (1,544377),
    (6,586231),
    (11,586231),
    (16,586231),
    (21,586231),
    (26,586231),
    (7,913246),
    (13,913246),
    (19,913246),
    (25,913246),
    (31,913246),
    (7,924753),
    (13,924753),
    (19,924753),
    (25,924753),
    (31,924753),
    (3,213666),
    (5,213666),
    (7,213666),
    (9,213666),
    (11,213666),
    (5,519666),
    (9,519666),
    (13,519666),
    (17,519666),
    (21,519666),
    (1,713193),
    (1,713193),
    (1,713193),
    (1,713193),
    (1,713193),
    (9,534162),
    (17,534162),
    (25,534162),
    (33,534162),
    (41,534162),
    (7,682259),
    (13,682259),
    (19,682259),
    (25,682259),
    (31,682259),
    (5,686248),
    (9,686248),
    (13,686248),
    (17,686248),
    (21,686248),
    (3,873282),
    (5,873282),
    (7,873282),
    (9,873282),
    (11,873282),
    (2,963454),
    (3,963454),
    (4,963454),
    (5,963454),
    (6,963454),
    (10,977921),
    (19,977921),
    (28,977921),
    (37,977921),
    (46,977921),
    (9,175841),
    (17,175841),
    (25,175841),
    (33,175841),
    (41,175841),
    (2,316987),
    (3,316987),
    (4,316987),
    (5,316987),
    (6,316987),
    (7,541819),
    (13,541819),
    (19,541819),
    (25,541819),
    (31,541819),
    (4,712317),
    (7,712317),
    (10,712317),
    (13,712317),
    (16,712317),
    (6,834838),
    (11,834838),
    (16,834838),
    (21,834838),
    (26,834838),
    (8,237479),
    (15,237479),
    (22,237479),
    (29,237479),
    (36,237479),
    (4,332982),
    (7,332982),
    (10,332982),
    (13,332982),
    (16,332982),
    (5,467432),
    (9,467432),
    (13,467432),
    (17,467432),
    (21,467432),
    (4,835627),
    (7,835627),
    (10,835627),
    (13,835627),
    (16,835627),
    (6,252272),
    (11,252272),
    (16,252272),
    (21,252272),
    (26,252272),
    (3,375744),
    (5,375744),
    (7,375744),
    (9,375744),
    (11,375744),
    (1,411821),
    (1,411821),
    (1,411821),
    (1,411821),
    (1,411821),
    (10,745233),
    (19,745233),
    (28,745233),
    (37,745233),
    (46,745233),
    (8,143759),
    (15,143759),
    (22,143759),
    (29,143759),
    (36,143759),
    (2,311782),
    (3,311782),
    (4,311782),
    (5,311782),
    (6,311782),
    (6,935733),
    (11,935733),
    (16,935733),
    (21,935733),
    (26,935733),
    (6,133745),
    (11,133745),
    (16,133745),
    (21,133745),
    (26,133745),
    (7,365624),
    (13,365624),
    (19,365624),
    (25,365624),
    (31,365624),
    (2,457697),
    (3,457697),
    (4,457697),
    (5,457697),
    (6,457697),
    (3,565796),
    (5,565796),
    (7,565796),
    (9,565796),
    (11,565796),
    (7,413142),
    (13,413142),
    (19,413142),
    (25,413142),
    (31,413142),
    (3,677265),
    (5,677265),
    (7,677265),
    (9,677265),
    (11,677265),
    (4,693192),
    (7,693192),
    (10,693192),
    (13,693192),
    (16,693192),
    (3,837448),
    (5,837448),
    (7,837448),
    (9,837448),
    (11,837448),
    (2,991289),
    (3,991289),
    (4,991289),
    (5,991289),
    (6,991289),
    (2,293869),
    (3,293869),
    (4,293869),
    (5,293869),
    (6,293869),
    (5,444451),
    (9,444451),
    (13,444451),
    (17,444451),
    (21,444451),
    (7,499535),
    (13,499535),
    (19,499535),
    (25,499535),
    (31,499535),
    (9,569714),
    (17,569714),
    (25,569714),
    (33,569714),
    (41,569714),
    (4,528672),
    (7,528672),
    (10,528672),
    (13,528672),
    (16,528672),
    (3,627212),
    (5,627212),
    (7,627212),
    (9,627212),
    (11,627212),
    (10,955876),
    (19,955876),
    (28,955876),
    (37,955876),
    (46,955876),
    (4,278172),
    (7,278172),
    (10,278172),
    (13,278172),
    (16,278172),
    (3,329156),
    (5,329156),
    (7,329156),
    (9,329156),
    (11,329156),
    (3,335334),
    (5,335334),
    (7,335334),
    (9,335334),
    (11,335334),
    (8,822363),
    (15,822363),
    (22,822363),
    (29,822363),
    (36,822363),
    (1,866379),
    (1,866379),
    (1,866379),
    (1,866379),
    (1,866379),
    (4,699775),
    (7,699775),
    (10,699775),
    (13,699775),
    (16,699775),
    (10,819321),
    (19,819321),
    (28,819321),
    (37,819321),
    (46,819321),
    (9,957113),
    (17,957113),
    (25,957113),
    (33,957113),
    (41,957113),
    (4,543813),
    (7,543813),
    (10,543813),
    (13,543813),
    (16,543813),
    (6,658294),
    (11,658294),
    (16,658294),
    (21,658294),
    (26,658294),
    (2,751837),
    (3,751837),
    (4,751837),
    (5,751837),
    (6,751837),
    (3,996597),
    (5,996597),
    (7,996597),
    (9,996597),
    (11,996597),
    (2,234481),
    (3,234481),
    (4,234481),
    (5,234481),
    (6,234481),
    (5,398116),
    (9,398116),
    (13,398116),
    (17,398116),
    (21,398116),
    (10,561727),
    (19,561727),
    (28,561727),
    (37,561727),
    (46,561727),
    (1,987774),
    (1,987774),
    (1,987774),
    (1,987774),
    (1,987774),
    (4,433451),
    (7,433451),
    (10,433451),
    (13,433451),
    (16,433451),
    (4,999675),
    (7,999675),
    (10,999675),
    (13,999675),
    (16,999675),
    (10,549721),
    (19,549721),
    (28,549721),
    (37,549721),
    (46,549721),
    (5,572838),
    (9,572838),
    (13,572838),
    (17,572838),
    (21,572838),
    (2,641614),
    (3,641614),
    (4,641614),
    (5,641614),
    (6,641614),
    (9,568993),
    (17,568993),
    (25,568993),
    (33,568993),
    (41,568993),
    (5,625418),
    (9,625418),
    (13,625418),
    (17,625418),
    (21,625418),
    (2,672593),
    (3,672593),
    (4,672593),
    (5,672593),
    (6,672593),
    (8,695453),
    (15,695453),
    (22,695453),
    (29,695453),
    (36,695453),
    (9,152784),
    (17,152784),
    (25,152784),
    (33,152784),
    (41,152784),
    (3,284575),
    (5,284575),
    (7,284575),
    (9,284575),
    (11,284575),
    (2,625998),
    (3,625998),
    (4,625998),
    (5,625998),
    (6,625998),
    (10,333997),
    (19,333997),
    (28,333997),
    (37,333997),
    (46,333997),
    (3,487782),
    (5,487782),
    (7,487782),
    (9,487782),
    (11,487782),
    (6,928146),
    (11,928146),
    (16,928146),
    (21,928146),
    (26,928146),
    (4,118999),
    (7,118999),
    (10,118999),
    (13,118999),
    (16,118999),
    (7,676914),
    (13,676914),
    (19,676914),
    (25,676914),
    (31,676914),
    (9,197271),
    (17,197271),
    (25,197271),
    (33,197271),
    (41,197271),
    (9,392551),
    (17,392551),
    (25,392551),
    (33,392551),
    (41,392551),
    (2,685727),
    (3,685727),
    (4,685727),
    (5,685727),
    (6,685727),
    (10,965921),
    (19,965921),
    (28,965921),
    (37,965921),
    (46,965921),
    (5,199589),
    (9,199589),
    (13,199589),
    (17,199589),
    (21,199589),
    (1,611753),
    (1,611753),
    (1,611753),
    (1,611753),
    (1,611753),
    (7,655937),
    (13,655937),
    (19,655937),
    (25,655937),
    (31,655937),
    (7,334565),
    (13,334565),
    (19,334565),
    (25,334565),
    (31,334565),
    (5,777152),
    (9,777152),
    (13,777152),
    (17,777152),
    (21,777152),
    (7,616165),
    (13,616165),
    (19,616165),
    (25,616165),
    (31,616165),
    (3,975618),
    (5,975618),
    (7,975618),
    (9,975618),
    (11,975618),
    (4,367243),
    (7,367243),
    (10,367243),
    (13,367243),
    (16,367243),
    (7,635555),
    (13,635555),
    (19,635555),
    (25,635555),
    (31,635555),
    (7,333497),
    (13,333497),
    (19,333497),
    (25,333497),
    (31,333497),
    (5,732413),
    (9,732413),
    (13,732413),
    (17,732413),
    (21,732413),
    (4,883899),
    (7,883899),
    (10,883899),
    (13,883899),
    (16,883899),
    (4,156767),
    (7,156767),
    (10,156767),
    (13,156767),
    (16,156767),
    (2,262672),
    (3,262672),
    (4,262672),
    (5,262672),
    (6,262672),
    (10,779297),
    (19,779297),
    (28,779297),
    (37,779297),
    (46,779297),
    (10,458982),
    (19,458982),
    (28,458982),
    (37,458982),
    (46,458982),
    (6,477275),
    (11,477275),
    (16,477275),
    (21,477275),
    (26,477275),
    (6,999999),
    (11,999999),
    (16,999999),
    (21,999999),
    (26,999999);

INSERT INTO Kardex (Kardex_id, Estudiante_id) VALUES
    (1, 00999999), -- Prueba 5to Semestre
    (2, 00777152), -- Gastronomia 6to Semestre -- SUB CINE
    (3, 00544377), -- Adm 8vo Semestre -- VideoJuegos
    (4, 00487782), -- Eduacion 2do Semestre 
    (5, 00143759); # Artes Visuales 4to semestre -- DANZA

INSERT INTO Kardex_Asignatura (Kardex_id, Asignatura_id, Nota_id, Aprobada) VALUES
    #ESTUDIANTE HASTA 4TO SEMESTRE DE COMPUTACION
    (1, 1, 1, TRUE),
    (1, 2, 1, TRUE),
    (1, 3, 2, TRUE),
    (1, 4, 1, TRUE),
    (1, 5, 1, TRUE),
    (1, 6, 1, TRUE),
    (1, 7, 1, TRUE),
    (1, 8, 2, TRUE),
    (1, 9, 1, TRUE),
    (1, 10, 1, TRUE),
    (1, 11, 3, TRUE),
    (1, 12, 1, TRUE),
    (1, 13, 1, TRUE),
    (1, 14, 1, TRUE),
    (1, 15, 2, TRUE),
    (1, 16, 1, TRUE),
    (1, 17, 2, TRUE),
    (1, 18, 2, TRUE),
    (1, 19, 3, TRUE),
    (1, 20, 2, TRUE),
    (1, 21, 1, TRUE),
    (1, 22, 1, TRUE),
    (1, 23, 1, TRUE),
    (1, 24, 1, TRUE),
    #ESTUDAINTE HASTA 5TO SEMESTRE DE GASTRONOMIA SIN TOMAR DOS MATERIAS DE CUARTO SEMESTRE y tres de cine
    (2, 1, 1, TRUE),
    (2, 6, 1, TRUE),
    (2, 7, 1, TRUE),
    (2, 10, 2, TRUE),
    (2, 46, 1, TRUE),
    (2, 47, 1, TRUE),
    (2, 48, 1, TRUE),
    (2, 5, 1, TRUE),
    (2, 11, 2, TRUE),
    (2, 12, 1, TRUE),
    (2, 13, 1, TRUE),
    (2, 49, 2, TRUE),
    (2, 50, 2, TRUE),
    (2, 51, 2, TRUE),
    (2, 19, 2, TRUE),
    (2, 20, 1, TRUE),
    (2, 52, 3, TRUE),
    (2, 53, 2, TRUE),
    (2, 54, 1, TRUE),
    (2, 55, 3, TRUE),
    (2, 16, 1, TRUE),
    (2, 56, 1, TRUE),
    (2, 57, 1, TRUE),
    (2, 16, 2, TRUE),
    (2, 59, 1, TRUE),
    (2, 60, 1, TRUE),
    (2, 32, 3, TRUE),
    (2, 61, 1, TRUE),
    (2, 62, 1, TRUE),
    (2, 63, 2, TRUE),
    (2, 40, 1, TRUE),
    (2, 175, 1, TRUE),
    (2, 176, 3, TRUE),
    (2, 177, 1, TRUE),
    #MALLA HASTA SEPTIMO SEMESTRE ESTUDIANTE DE ADM CON UNA FALLADA y falta 1 de videojuegos
    (3, 1, 1, TRUE),
    (3, 5, 1, TRUE),
    (3, 6, 3, TRUE),
    (3, 7, 1, TRUE),
    (3, 10, 1, TRUE),
    (3, 16, 2, TRUE),
    (3, 48, 1, TRUE),
    (3, 11, 1, TRUE),
    (3, 12, 1, TRUE),
    (3, 13, 2, TRUE),
    (3, 46, 1, TRUE),
    (3, 52, 4, FALSE),
    (3, 97, 1, TRUE),
    (3, 19, 1, TRUE),
    (3, 20, 2, TRUE),
    (3, 32, 2, TRUE),
    (3, 98, 2, TRUE),
    (3, 99, 2, TRUE),
    (3, 100, 2, TRUE),
    (3, 24, 1, TRUE),
    (3, 101, 1, TRUE),
    (3, 102, 1, TRUE),
    (3, 103, 1, TRUE),
    (3, 104, 1, TRUE),
    (3, 105, 2, TRUE),
    (3, 106, 1, TRUE),
    (3, 107, 1, TRUE),
    (3, 40, 1, TRUE),
    (3, 108, 1, TRUE),
    (3, 109, 1, TRUE),
    (3, 110, 2, TRUE),
    (3, 111, 1, TRUE),
    (3, 112, 2, TRUE),
    (3, 113, 1, TRUE),
    (3, 117, 2, TRUE),
    (3, 143, 2, TRUE),
    (3, 144, 1, TRUE),
    (3, 145, 2, TRUE),
    (3, 146, 2, TRUE),
    #MALLA PRIMER SEMESTRE EDUCACION
    (4, 1, 2, TRUE),
    (4, 5, 1, TRUE),
    (4, 6, 3, TRUE),
    (4, 7, 1, TRUE),
    (4, 10, 1, TRUE),
    (4, 72, 1, TRUE),
    (4, 73, 1, TRUE),
    #MALLA TERCER SEMESTRE DE ARTES VISUALES, NADA DEL MINOR
    (5, 1, 1, TRUE),
    (5, 117, 1, TRUE),
    (5, 118, 1, TRUE),
    (5, 5, 1, TRUE),
    (5, 119, 1, TRUE),
    (5, 6, 1, TRUE),
    (5, 7, 1, TRUE),
    (5, 120, 1, TRUE),
    (5, 121, 1, TRUE),
    (5, 122, 1, TRUE),
    (5, 123, 1, TRUE),
    (5, 10, 1, TRUE),
    (5, 12, 1, TRUE),
    (5, 13, 1, TRUE),
    (5, 124, 1, TRUE),
    (5, 125, 1, TRUE),
    (5, 11, 1, TRUE),
    (5, 19, 1, TRUE),
    (5, 20, 1, TRUE),
    (1, 122, 1, TRUE),
    (1, 157, 2, TRUE);

INSERT INTO Malla_Extras (MallaCarrera_id, Categoria_id, Optativa, Electiva, Semestre_id) VALUES
    #Para Computacion
    (1, 6, FALSE, FALSE, 2), #Humanidades
    (1, 11, FALSE, FALSE, 4), #Deportes
    (1, 5, FALSE, FALSE, 4), #Artes
    (1, 2, FALSE, FALSE, 5), #Ciencias Sociales
    (1, NULL, TRUE, FALSE, 6), #Optativa
    (1, NULL, TRUE, FALSE, 7),
    (1, NULL, TRUE, FALSE, 7),
    (1, NULL, FALSE, TRUE, 7), #Electiva
    (1, NULL, FALSE, TRUE, 8),
    #Para Gastronomia
    (2, 2, FALSE, FALSE, 3), #Ciencias Sociales
    (2, 6, FALSE, FALSE, 5), #Humanidades
    (2, NULL, TRUE, FALSE, 6), #Optativa
    (2, NULL, FALSE, TRUE, 6), #Electiva
    (2, NULL, TRUE, FALSE, 7), #Optativa
    (2, NULL, FALSE, TRUE, 7), #Electiva
    (2, NULL, FALSE, TRUE, 8), #Electiva
    (2, 11, FALSE, FALSE, 8),
    (2, 5, FALSE, FALSE, 8),
    #Para Administracion
    (3, 6, FALSE, FALSE, 2), #Humanidades
    (3, 2, FALSE, FALSE, 3), #Ciencias Sociales
    (3, 11, FALSE, FALSE, 4), # Deportes
    (3, NULL, FALSE, TRUE, 4), # Electiva
    (3, 5, FALSE, FALSE, 4), # Arte
    (3, NULL, FALSE, TRUE, 5), # Electiva
    (3, NULL, FALSE, TRUE, 6), # Electiva
    (3, 3, FALSE, FALSE, 6), #Ciencias Naturales
    (3, NULL, TRUE, FALSE, 6),
    (3, NULL, TRUE, FALSE, 7),
    (3, NULL, TRUE, FALSE, 8),
    #Para Educacion
    (4, 5, FALSE, FALSE, 2), # Arte
    (4, NULL, FALSE, TRUE, 3), # Electiva
    (4, 6, FALSE, FALSE, 4), # Humanidades
    (4, NULL, FALSE, TRUE, 4), # Electiva
    (4, 11, FALSE, FALSE, 5), # Deportes
    (4, NULL, TRUE, FALSE, 5), # Optativa
    (4, 2, FALSE, FALSE, 5), # Ciencias Sociales
    (4, 3, FALSE, FALSE, 6), # Ciencias Naturales
    (4, NULL, TRUE, FALSE, 7), # Optativa
    (4, NULL, FALSE, TRUE, 7), # Electiva
    (4, NULL, TRUE, FALSE, 8), # Optativa
    # Para Artes Visuales
    (5, 3, FALSE, FALSE, 3), # Ciencias
    (5, 6, FALSE, FALSE, 3), # Humanidades
    (5, 11, FALSE, FALSE, 4), # Deportes
    (5, NULL, FALSE, TRUE, 5), # Electiva
    (5, NULL, FALSE, TRUE, 6), # Electiva
    (5, 2, FALSE, FALSE, 6), # Ciencias Sociales
    (5, NULL, TRUE, FALSE, 8), # Optativa
    (5, NULL, FALSE, TRUE, 8); # Electiva

INSERT INTO Prerrequisito (Asignatura_id, Dependencia_id) VALUES
    (120, 118),
    (124, 118),
    (125, 122),
    (127, 120),
    (130, 118),
    (131, 128),
    (131, 124),
    (133, 128),
    (139, 133),
    (134, 132),
    (138, 134),
    (136, 127),
    (142, 136),
    (142, 130),
    (9, 3),
    (14, 8),
    (15, 3),
    (15, 9),
    (17, 9),
    (18, 9),
    (21, 14),
    (23, 17),
    (26, 23),
    (27, 21),
    (28, 9),
    (29, 15),
    (30, 27),
    (31, 27),
    (33, 27),
    (34, 27),
    (35, 27),
    (36, 28),
    (37, 31),
    (38, 31),
    (42, 37),
    (43, 36),
    (44, 37),
    (44, 35),
    (77, 73),
    (77, 74),
    (78, 75),
    (80, 75),
    (81, 75),
    (86, 80),
    (86, 74),
    (86, 20),
    (87, 81),
    (90, 87),
    (93, 90),
    (112, 97),
    (112, 102),
    (122, 48),
    (53, 47),
    (144, 143),
    (145, 144),
    (147, 117),
    (177, 176),
    (178, 176),
    (7, 6),
    (12, 7),
    (13, 12),
    (19, 13),
    (20, 19),
    (186, 185);

INSERT INTO Correquisito (Asignatura_id, Correquisito_Asignatura_id) VALUES
    (1, 5),
    (10, 11),
    (154, 155);

INSERT INTO Restricciones (Asignatura_id, Carrera_id, Colegio_id, Semestre_id) VALUES
    (45, 31, 5, 7),
    (71, 24, 9, 7),
    (92, 20, 6, 7),
    (93, 20, 6, 7),
    (116, 1, 1, 7),
    (30, NULL, 5, 5),
    (31, NULL, 5, 5),
    (32, NULL, 7, 5),
    (33, NULL, 5, 5),
    (57, NULL, 7, 5),
    (61, NULL, NULL, 4),
    (62, NULL, NULL, 4),
    (64, NULL, NULL, 4),
    (66, NULL, NULL, 4),
    (69, NULL, NULL, 4),
    (83, NULL, NULL, 4),
    (84, NULL, NULL, 4),
    (86, NULL, NULL, 4),
    (88, NULL, NULL, 4),
    (90, NULL, NULL, 4),
    (104, NULL, NULL, 4),
    (96, NULL, NULL, 4),
    (106, NULL, NULL, 4),
    (108, NULL, NULL, 4),
    (109, NULL, NULL, 4),
    (112, NULL, NULL, 4),
    (113, NULL, NULL, 4),
    (126, NULL, NULL, 4),
    (130, NULL, NULL, 4),
    (131, NULL, NULL, 4),
    (134, NULL, NULL, 4),
    (135, NULL, NULL, 4),
    (145, NULL, NULL, 4),
    (149, NULL, NULL, 4),
    (150, NULL, NULL, 4),
    (157, NULL, NULL, 4),
    (158, NULL, NULL, 4),
    (159, NULL, NULL, 4),
    (160, NULL, NULL, 4),
    (161, NULL, NULL, 4),
    (162, NULL, NULL, 4),
    (171, NULL, NULL, 4),
    (172, NULL, NULL, 4),
    (182, NULL, NULL, 4),
    (183, NULL, NULL, 4),
    (184, NULL, NULL, 4),
    (185, NULL, NULL, 4),
    (186, NULL, NULL, 5),
    (181, NULL, NULL, 6);
