Original Filename,Preprocessed Text
100 Principios de Seguros,curso abordar fundamento seguro incluir tipo cobertura gestion riesgos legislacion relevante estudiante aprenderar evaluar mitigar riesgo entorno empresarial
101 Analisis de Datos,curso estudiant aprenderar aplicar tecnica analisis dato extraer informacion relevante tomar decision estrategica cubrir metodo analisis descriptivo predictivo prescriptivo
102 Principios de Finanzas,curso introducir estudiante concepto fundamental finanza empresarial gestion activo estructura capital evaluacion proyecto inversion
103 Coloquios adm,curso proporcionar espacio discusion analisis tema actual negocio estudiant participar coloquio experto industria academico
104 Finanzas Corporativas,curso centrar gestion financiero dentro empresa explorar tema valoracion empresa financiacion estructura capital asi planificacion financiero largo plazo
105 Marketing Digital,curso examinar estrategia marketing digital incluir seo publicidad red social marketing contenido estudiante aprenderar crear ejecutar campana marketing linea
106 Negociacion,curso proporcionar estudiante herramienta necesario negociar exito diferente contexto empresarial enfocar tecnica negociacion resolucion conflicto tomar decision colaborativa
107 Operaciones +Lab,curso cubrir principio gestion operacion incluido planificacion produccion logistico laboratorio estudiant aplicar teoria resolver problema vida real
108 Economia y Negocios,curso introducir estudiante principio economico impactar decision empresarial cubrir microeconomio macroeconomia enfoque aplicacion empresarial
109 Investigacion de Mercados,curso ensena estudiante tecnica herramienta necesario llevar cabo investigacion mercado enfocar recopilacion analisis dato apoyar decision estrategica marketing
10 Autoconocimiento,curso dedicado exploracion personal desarrollo habilidad introspectiva estudiant aprenderar teoria autoconcepto gestion emocional crecimiento personal enfoque practico autodescubrimiento
110 Creatividad Empresarial,curso centrar fomentar innovacion dentro entorno empresarial estudiante aprenderar tecnica generar idea creativo desarrollar solucion innovadora problema comercial
111 Proyectos Empresariales,curso guia estudiantes traves proceso planificacion ejecucion proyecto empresarial cubrir tema gestion riesgos asignacion recurso evaluacion proyecto
112 Gestion del Talento,curso abordar gestion recursos humano incluir contratacion formacion retencion empleado cubrir estrategia desarrollar fuerza laboral eficaz motivado
113 Negocios Internacionales,curso enfocar desafio oportunidad negocio internacional estudiant aprenderar comercio global inversion extranjero gestion empresa multinacional
114 Innovacion y Sustentabilidad,curso explorar empresa poder ser innovadora sostenible cubrir tema responsabilidad social corporativo desarrollo producto sostenible
115 Tributacion y Entorno Legal,curso proporcionar comprension sistema tributario entorno legal afectar empresa estudiant aprenderar navegar legislacion fiscal planificar estrategicamente impuesto
116 Analisis Estrategico ADM,curso ensena estudiant desarrollar ejecutar estrategia empresarial efectivo enfocar analisis competitivo formulacion estrategia implementacion plan estrategico
117 Herramientas Digitales 1,curso introducir estudiante herramienta digital basica utilizado campo arte incluir uso software diseno grafico edicion imagenes produccion multimedia
118 Fundamentos de las Artes,curso cubrir concepto esencial tecnica basica diverso forma arte enfocar desarrollo habilidad fundamental creacion artistico
119 Composicion Visual 1,curso estudiant aprenderar principio composicion visual explorar concepto equilibrio contraste armonio arte visual
11 Ser y Cosmos,curso examinar interaccion ser humano universo explorar tema filosofia cosmologia existencia perspectiva interdisciplinario fomentar reflexion criticar
120 Laboratorio de Creacion 1,laboratorio ofrecer espacio practico estudiante experimentar desarrollar habilidad artistica mediante creacion proyecto aplicacion tecnica aprendido
121 Dibujo para Arte y Diseno,curso centrar dibujo herramienta fundamental arte diseno abordar tecnica dibujo apoyar creacion visualizacion idea artistica diseno
122 Fotografia 1,curso proporcionar introduccion principios fotografia incluir uso camara composicion edicion imagen estudiant aprenderar capturar procesar imagen fotografica
123 Fundamentos de Escultura,curso explorar tecnica basica escultura estudiant aprenderar material herramienta proceso utilizado creacion obra escultorica
124 Teoria Critica 1  Arte & Media,curso examinar teoria critica relacionado arte medio comunicacion estudiantes analizar arte relacionar medio cultura contemporaneo
125 Nuevos Medios,curso explorar uso nuevo medio tecnologia arte contemporaneo cubrir tema arte digital interaccion instalacion multimedia
126 Arte Contemporaneo,curso centrar estudio arte contemporaneo diferente movimiento estilo estudiante analizar obra artista relevante contexto actual
127 Laboratorio de Creacion 2,laboratorio estudiant continuarar desarrollar habilidad artistica trav creacion proyecto mas avanzado aplicacion tecnica complejo
128 Taller de Arte 1,taller proporcionar entorno practicar intensivo arte estudiant trabajar proyecto individual colaborativo desarrollar estilo tecnico artistico
129 Coloquios ART,curso coloquios ofrecer espacio discusion analisis critico tema relacionado arte estudiant participar debate presentacion tema actual relevante
12 Inglés Nivel 3,avanzar complejidad curso reforzar habilidad linguistica enfasis escritura academico analisis texto mejorar pronunciacion incluir tarea conversacion redaccion mas elaborado
130 Arte y Contexto Social,curso examinar relacion arte contexto social producir analizar arte reflejar afectar dinamica social cultural
131 Taller de Investigacion,taller disenado estudiante realizar investigacion campo arte enfocar desarrollo proyecto investigacion aplicacion metodo academico practicar artistico
132 Enfasis 1,curso permitir estudiante profundizar area especificar arte segun interes ofrecer enfoque especializado disciplina tecnico particular
133 Taller de Arte 2,taller estudiantes continuarar trabajar proyecto artistico mas complejo avanzado fomentar desarrollo personal estilo tecnico cada estudiante
134 Enfasis 2,curso ofrecer oportunidad estudiante especializar segundo area inter dentro arte permitir enfoque mas profundo disciplina tecnico particular
135 Gestion y Produccion Cultural,curso abordar gestion produccion evento cultural artistico cubrir aspecto planificacion ejecucion promocion actividad cultural
136 Laboratorio de Creacion 3,laboratorio proporcionar estudiante espacio creacion proyecto artistico avanzado estudiante tendran oportunidad experimentar tecnica material innovador
137 Matematicas Cotidianas,curso cubrir concepto matematico aplicado situacion cotidiano enfocar uso matematica resolver problema practico vida diario
138 Enfasis 3,curso permitir estudiante explorar tercero area interes dentro arte ofrecer enfoque especializado disciplina tecnico adicional
139 Taller de Arte 3,taller final estudiante desarrollar proyecto artistico avanzado completo enfocar aplicacion tecnica avanzado culminacion aprendizaje artistico
13 Inglés Nivel 4,ultimo nivel ciclo basico ingles estudiant desarrollar habilidad debatir tema complejo escribir ensayo formal realizar presentacion ingl curso preparar estudiante nivel mas avanzado competencia
140 Arte y Educacion   Curaduria,curso explorar interseccion arte educacion asi practica curadurio ambito artistico enfocar planificacion educativo organizacion exposicion
141 Temas en Comunicacion y Arte,curso centrar tema contemporaneo relacionado comunicacion arte estudiant examinar arte comunicar trav diferente medio contexto
142 Produccion & Exhibicion,curso culminar realizacion proyecto artistico final estudiante presentar exhibir trabajo enfocar produccion presentacion evaluacion proyecto artistico
143 Programacion Para Diseño 1,curso introducir estudiante concepto basico programacion aplicado diseno estudiant aprenderar utilizar herramienta programacion desarrollar proyecto interactivo enfatizar uso lenguaje programacion crear interfaz dinamica prototipo digital
144 Programacion Para Diseño 2,curso estudiant profundizar tecnica avanzado programacion aplicado diseno abordar tema programacion orientado objeto uso biblioteca grafica optimizacion codigo mejorar experiencia usuario producto interactivo tambien explorar lenguaje programacion especifico diseno multimedia
145 Programacion Para Diseño 3,curso finalizar serie programacion enfocado diseno cubrir tema avanzado creacion motor grafico personalizado simulacion interaccion fisica entorno virtual integracion programacion software diseno d estudiantes aplicar conocimiento proyecto integral diseno interactivo
146 Juegos y Narrativa,curso explorar relacion videojuegos narrativo interactivo estudiante analizar construir historia entorno digital aprenderar disenar juego enfoque narrativo estudiar caso relevante realizar proyecto fusionar creacion juegos narracion historia
147 Modelado 3D 1,curso ensén base modelado d diseno animacion estudiant aprenderar tecnica fundamental creacion objeto tridimensional trabajar software modelado d explorar concepto topologia textura renderizado escena
148 Cálculo para Ciencias 1,curso introducir concepto basico calculo diferencial integral estudiante aprenderar limit derivado aplicacion problema ciencias ingenieria tambien cubrir concepto integral relacion area bajo curva
149 Teoría de Grupos,curso presentar introduccion formal teoria grupo rama fundamental algebra abstracto estudiante aprenderar grupo subgrupo homomorfismo aplicacion diverso area matematico puro aplicado asi fisico
14 Programacion Avanzada en C++,curso avanzado lenguaje programacion c profundizar tema estructura dato dinamica programacion orientado objeto manejo memorio trabajar ejemplo proyecto mas complejo
150 Variable Compleja,curso enfocar analisis funcion variable complejo estudiar numero complejo funcion holomorfa integral line serie laurent aplicacion resolucion problema fisico matematica avanzado
151 Ecuaciones Diferenciales,curso cubrir teoria metodo resolver ecuacion diferencial ordinario fundamental modelizacion fenomeno ciencias ingenieria estudiantes explorar tecnica analitica numerica resolver ecuacion primero segundo orden
152 Cálculo para Ciencias 2,continuacion calculo ciencias curso profundizar calculo integral cubrir tecnica integracion mas avanzado tambien introducir calculo vectorial clave resolucion problema multivariabl ciencia ingenieria
153 Introduccion a Probabilidades,curso introducir concepto fundamental teoria probabilidad incluir espacio muestral variable aleatorio distribucion probabilidad teorema central limite enfocar aplicacion practica estadistica modelado incertidumbre
154 Fundamentos de Geometría,curso presentar introduccion geometria euclidián euclidián estudiar axioma teorema construccion geometrica enfasis razonamiento logico demostracion formal adema explorar aplicacion geometrio rama matematica
155 Logica y Teoría de Conjuntos,curso cubrir fundamento logica matematica teoria conjunto introducir sistema formal razonamiento deductivo principio conjunto relacion funcion cardinalidad esencial matematica puro aplicado
156 Inferencia Estadística,curso presentar principio inferencia estadistico incluir estimacion parametro prueba hipotesis analisis varianzar estudiante aprenderar tecnica estadistica analisis interpretacion dato aplicable diverso disciplina cientifica
157 Análisis Numérico,curso explorar metodo numerico resolucion ecuacion diferencial integracion numerico algebra lineal enfatizar implementacion algoritmo computadora evaluacion precision resultado obtenido
158 Teoría de Números,curso presentar concepto fundamental teoria numero enfocar divisibilidad congruencia funcion aritmetica estudiante aprenderar teorema numero primos aplicacion teoria numero criptografia
159 Combinatoria y Grafos,curso cubrir principio combinatorio teoria grafos estudiant aprenderar tecnica conteo combinacion permutacion estructura grafo aplicacion optimizacion analisis red
15 Matemáticas Discretas,introduccion concepto fundamental matematica discreto teoria conjunto grafo algoritmo combinatorio estudiar aplicacion informatico area relacionado
160 Ecuaciones Diferenciales Parciales,curso presentar fundamento ecuacion diferencial parcial esencial modelar fenomeno fisico matematica aplicado estudiar tecnica resolver ecuacion primero segundo orden aplicacion dinamico fluido transferencio calor
161 Álgebra Lineal 2,curso continuacion algebra lineal cubrir tema avanzado espacio vectorial transformacion lineal forma cuadratica estudiante tambien aprenderar valor propio vector propio aplicacion diverso area matematica
162 Álgebra Abstracta 1,curso cubrir fundamento algebra abstracto enfoque grupo anillo campo estudiant desarrollar habilidad razonamiento abstracto demostracion matematico aplicable area teoria numeros geometria algebraica
163 Geometría Diferencial,curso introducir teoria superficie curva espacio euclidiano estudiante explorar geometria intrinseco extrinseco aplicar concepto curvatura torsion geometria diferencial aplicacion fisico teorica ingenieria
164 Análisis Funcional,curso enfocar espacio vectorial normado aplicacion analisi cubrir concepto espacio hilbert banach operador lineal teorema punto fijo area crucial analisis espacio infinito
165 Álgebra Abstracta 2,continuacion algebra abstracto curso cubrir tema mas avanzado relacionado anillo ideal cuerpo homomorfismo estudiante tambien explorar teoria galoi aplicacion resolucion ecuacion polinomica
166 Topología 1,curso introducir concepto basico topologia estudio propiedad geometrica permanecer invariant bajo deformacion cubrir topico espacio topologico continuidad conexion rama matematica geometria diferencial
167 Topología 2,continuacion topologia curso cubrir tema avanzado topologia algebraico estudiant aprenderar homotopia grupo fundamental teoria homologio aplicar concepto problema geometrico fisico
168 Análisis Real,curso explorar base analisis real area clave matematico estudiar numero real funcion secuencia cubrir tema convergenciar serie continuidad derivacion enfasis demostracion riguroso aplicacion calculo avanzado
169 Improvisacion,curso introducir tecnica improvisacion danza contemporaneo estudiant explorar movimiento espontaneo creatividad corporal herramienta creacion artistico enfatizar conexion espacio companero traves movimiento libre
16 Introduccion a la Economía,curso proporcionar vision general principios economio abarcar tema oferta demandar mercado sistema economico analizar concepto afectar tomar decision nivel personal empresarial
170 Danza Moderna 2,continuacion danza moderno curso profundizar tecnica avanzado danza moderno estudiante aprenderar nuevo combinacion coreografica trabajar expresion emocional trav movimiento curso enfatizar control corporal tecnico salto
171 Barra para danza contemporánea,curso enfocar entrenamiento barra adaptado danza contemporaneo estudiant practicar ejercicio tecnico barra mejorar alineacion fuerza flexibilidad curso buscar desarrollar control postural precision movimiento tecnico
172 Composicion,curso introducir principio composicion coreografica estudiante aprenderar crear secuencia movimiento partir improvisacion tecnico explorar diferente estructura coreografica estilo composicion enfasis creacion pieza original
173 Performance,curso preparar estudiante interpretacion vivo pieza coreografico trabajar desarrollo presencia escenico conexion publico ejecucion preciso coreografio curso incluir presentacion publica evaluacion performance
174 Proyecto final en Danza,proyecto final danzo culminacion estudios danza contemporaneo estudiant deber crear desarrollar presentar obra coreografico original aplicar conocimiento adquirido carrera proyecto final serar evaluar jurado experto danza
175 Lenguaje del Cine,curso explorar fundamento lenguaje cinematografico incluir gramatica visual narrativo estudiante aprenderar estructura narrativo uso encuadre elemento visual sonoro contribuir narrativa cinematografico
176 Lenguaje Visual y Montaje,curso estudiar principio lenguaje visual tecnica montaje analizar montaje edicion afectar narrativo percepcion espectador estudiant desarrollar habilidad practica uso montaje crear cohesion ritmo proyecto cinematografico
177 Cinematografía,curso cinematografia abordar aspecto tecnico artistico fotografia cine estudiante aprenderar iluminacion composicion seleccion equipo capturar imagen apoyar narrativo estilo visual pelicula
178 Sonido,curso centrar produccion diseno sonido cine estudiante aprenderar capturar editar mezclar sonido complementar enriquecer narrativa visual abordar aspecto diseno efectos sonido sincronizacion mezcla final
179 Storytelling,curso storytelling ensenar construir desarrollar narrativa efectivo cine estudiante explorar tecnica desarrollar personaje trama conflicto elemento combinar crear historia convincente emocionalmente resonante
17 Física para Ingeniería 1 +Lab Ej,curso introducir principio fisico aplicado ingenieria cubrir tema mecanico clasico cinematico dinamico incluir componente laboratorio aplicar conocimiento teorico experimento practico
180 Diseño de Produccion,curso enfocar diseno planificacion produccion cinematografico estudiant aprenderar conceptualizar disenar elemento visual pelicula incluir escenario decorado vestuario crear atmosfero estilo visual apoyar narrativo
181 Inv. de Operaciones 1 +Lab,curso proporcionar introduccion principio tecnica investigacion operacion incluir estudio modelo matematico algoritmo optimizacion sistema produccion logistico componente laboratorio permitir estudiante aplicar concepto escenario practico
182 Control de Produccion,curso estudiar tecnica herramienta control gestion procesos produccion cubrir tema programacion produccion control inventario mejorar eficiencia estudiant aprenderar utilizar sistema control garantizar calidad eficiencia produccion
"183 Procesos, Métodos y Estándares",curso explorar diseno mejorar proceso industria estudiant aprenderar metodo optimizar proceso establecer estandar operativo medir rendimiento enfocar tecnica mejorar eficiencia calidad procesos produccion
184 Ergonomía,curso ergonomio abordar diseno entornos trabajar maximizar comodidad productividad estudiar principio diseno ergonomico aplicado estacion trabajo herramienta equipo estudiant aprenderar identificar corregir problema ergonomico mejorar salud bienestar trabajo
185 Ingeniería de la Calidad + Lab,curso centrar metodo tecnica garantizar calidad procesos produccion incluir estudio sistema gestion calidad tecnica control estadistico calidad auditoria componente laboratorio proporcionar experiencia practicar aplicacion metodo asegurar calidad
186 Sistemas Lean,curso sistema leer enfocar principio practica metodologia leer mejora continuo produccion estudiante aprenderar eliminacion desperdicio mejorar proceso optimizacion cadén valor aumentar eficiencia reducir costo
18 Cálculo Vectorial,curso abordar calculo varios variable incluir diferenciacion integracion funcion vectorial estudiar concepto campo vectorial integral linea superficie aplicacion fisico ingenieria
19 Inglés Nivel 5,curso avanzado ingles centrar desarrollo habilidad comunicativo contexto mas especializado estudiante participar discusion debate presentacion formal tema complejo enfatizar fluidez precision comunicacion asi capacidad argumentar defender punto visto manera efectivo
1 Escritura Academica,asignatura centrar desarrollar habilidad avanzado redaccion academica estudiant aprenderar estructurar ensayo realizar investigacion usar correctamente cita referencia bibliografica tambien abordar tecnica mejorar claridad coherencia escrito enfocar creacion texto formal academico curso esencial presentar trabajo investigacion alto calidad
20 Inglés Nivel 6,curso finalizar serie nivel ingl preparar estudiante comunicar él fluidez situacion academica profesional incluir tarea avanzado escritura analisis texto presentacion formal estudiant desarrollar habilidad redactar informe detallado realizar investigacion academica participar discusion profesional
21 Programacion de Apps,curso ensena diseno desarrollo aplicacion movil estudiant aprender programar interfaz usuario gestionar base dato movil optimizar experiencia usuario entorno movil cubrir tema integracion servicio web uso apis implementacion caracteristica avanzado notificacion push almacenamiento nube
22 Álgebra Lineal 1 +Ej,introduccion concepto basico algebra lineal incluir matriz determinante vector espacio vectorial incluir ejercicio practico aplicar concepto problema ingenieria ciencias estudiant aprenderar resolver sistema ecuacion lineal realizar transformacion lineal comprender teoria espacio vectorial
23 Física para Ingeniería 2 +Lab Ej,continuacion curso fisico ingenieria curso cubrir tema electromagnetismo circuito electrico onda incluir componente laboratorio aplicacion practicar concepto teorico estudiante realizar experimento entender comportamiento circuito electrico campo magnetico propiedad onda
24 Aprendizaje y Servicio PASEC,curso combinar teoria practicar traves aprendizaje basado servicio comunitario estudiantes aplicar conocimiento academico proyecto impacto social desarrollar habilidad liderazgo responsabilidad social fomentar reflexion criticar necesidad comunidad implementacion solucion sostenible
25 Cultura Gastronomica,curso explorar historia evolucion gastronomia nivel mundial estudiar influencia cultural social cocina enfasis gastronomio diferente region mundo estudiantes analizar relacion comida identidad cultural asi tendencia actual gastronomia global
26 Electronica Básica +Lab,curso introductorio principio electronico estudiar circuito componente electronico aplicacion dispositivo basico laboratorio permitir experimentar circuito simple analisis estudiant aprenderar disenar construir circuito electronico basico comprender funcionamiento componente resistencia capacitor transistor utilizar herramienta medicion electronico
27 Estructuras de Datos,curso cubrir implementacion analisis estructura dato listo pila cola arbol grafo estudiant aplicar concepto proyecto programacion optimizar rendimiento algoritmo enfatizar importancia elegir estructura dato adecuado diferente tipo problema incluir estudio caso ilustrar aplicacion practica
28 Probabilidad y Estadística +Ej,curso introducir concepto fundamental probabilidad estadistico aplicacion ingenieria ciencias ejercicio practico reforzar analisis dato interpretacion resultado estadistico cubrir tema distribucion probabilidad prueba hipotesis regresion analisis varianzo proporcionar base solido analisis dato
29 Teoría de la Computacion,curso cubrir fundamento teorico computacion incluir automata lenguaje formal gramaticas teoria complejidad estudiant desarrollar comprension profundo limit computable explorar tema avanzado decidibilidad reducibilidad clase complejidad preparar estudiante enfrentar problema complejo computacion
2 Taller de Ing. Cs. Computacion,asignatura impartir conocimiento practico desarrollo proyecto campo ingenieria software estudiantes trabajar equipo disenar implementar probar solucion problema real usar herramienta programacion taller tambien abordar metodologia agil ciclo vida desarrollo software fomentar uso mejor practica codificacion documentacion proyecto involucrar integracion conocimiento teorico escenario practico
30 Programacion Avanzada de Apps,curso enfocar desarrollo avanzado aplicacion movil cubrir tecnica programacion multipl plataforma seguridad movil optimizacion rendimiento incluir proyecto practico estudiant disenar desarrollar aplicacion complejo implementar caracteristica avanzado notificacion push integracion servicio web almacenamiento nube
31 Organizacion de Computadores,curso explorar componente arquitectura interno computador incluir memoria procesador bus estudiant aprender optimizar disenar sistema hardware eficiente abordar tema arquitectura conjunto instruccion isa jerarquia memoria interconexion componente proporcionar comprension integral funcionamiento interno computador
32 Emprendimiento,curso ofrecer base creacion nuevo negocio estudiant aprender planificacion empresarial financiamiento innovacion proceso llevar idea mercado incluir estudio caso startup exitoso fomentar desarrollo plan negocios completo abarcar identificacion oportunidad estrategia salido
33 Diseño de Sistemas,estudiante aprender disenar sistema complejo mediante analisis requerimiento modelado sistema prototipado enfocar creacion sistema eficiente escalabl adaptabl curso incluir uso herramienta modelado simulacion realizar proyecto estudiant aplicar principio diseno problema real concepcion implementacion
34 Inteligencia Artificial,curso introducir concepto clave inteligencia artificial incluir algoritmo busquedo aprendizaje automatico red neuronal procesamiento lenguaje natural estudiante explorar aplicacion practica ia diverso area vision computadora procesamiento lenguaje natural robotica enfatizar uso herramienta biblioteca moderno implementar solucion ia
35 Base de Datos,abordar concepto fundamental diseno manejo bás dato normalizacion tabla uso sql estudiante practicar base dato relacional relacional aprender optimizacion consulta gestion transaccion seguridad dato curso incluir proyecto practico disenar gestionar base dato eficiente
36 Aprendizaje Automático,curso profundizar tecnica aprendizaje automatico incluir modelo supervisado supervisado red neuronal estudiant implementar algoritmo clasificacion prediccion proyecto practico cubrir tema avanzado aprendizaje profundo procesamiento grande volumen dato evaluacion modelo curso preparar estudiante aplicar tecnica aprendizaje automatico problema mundo real
37 Redes +Lab,curso teorico practico red computador cubrir protocolo red arquitectura internet enrutamiento seguridad red componente laboratorio implementacion estudiant aprender configurar gestionar red solucionar problema conectividad aplicar medida seguridad proteger infraestructura red curso incluir estudio caso proyecto practico
38 Sistemas Operativos,estudiante aprender principio estructura sistema operativo incluir gestion procesos memoria almacenamiento seguridad incluir perspectiva practicar administracion sistema curso cubrir tema concurrencio planificacion procesos gestion memoria sistema archivos estudiantes tambien trabajar sistema operativo real desarrollar habilidad practica administracion configuracion
39 Proyectos  Gerencia y Análisis,curso cubrir planificacion gestion proyectos ambito ingenieria computacion estudiantes desarrollar habilidad analisi requerimiento estimacion costo gestion riesgo abordar metodologia gestion proyectos agile scrum utilizar herramienta software planificar monitorear proyecto curso incluir estudio caso proyecto practico aplicar concepto aprendido
3 Cálculo Diferencial + Ej,curso introducir concepto fundamental calculo diferencial limit derivado aplicacion derivado problema optimizacion analisis funcion complementar ejercicio practico aplicar concepto esencial formacion ingeniero
40 Práctica Pre-Profesional PASEM,curso permitir estudiante adquirir experiencia laboral entorno profesional relacionado campo estudio aplicar conocimiento academico proyecto real estudiante trabajar empresa institucion desarrollar habilidad practica profesional curso incluir elaboracion informe final presentacion experiencia adquirido destacar logro aprendizaj
41 Coloquios ING,espacio reflexion discusion academica estudiantes presentar debatir tema inter actual campo estudio fomentar participacion activo criticar coloquio tambien incluir participacion experto invitado compartir conocimiento experiencia enriquecer aprendizaje estudiant
42 Seguridad Informática,estudiar principio seguridad sistema informatico incluir criptografia autenticacion control acceso seguridad red estudiant aplicar tecnica proteccion deteccion intrusion curso tambien abordar gestion riesgos implementacion politicas seguridad proteger informacion sistema amenaza vulnerabilidad
43 Minería de Datos,curso ensén tecnica extraer conocimiento partir grande volumen dato estudiant trabajar algoritmo clasificacion clustering analisis dato resolver problema real incluir estudio caso proyecto practico permitir estudiante aplicar tecnica aprendido situacion mundo real mejorar capacidad tomar decision basado dato
44 Aplicaciones Distribuidas,curso cubrir diseno desarrollo aplicacion distribuido multipl sistema interactuan trav red estudiant aprender implementar gestionar aplicacion escalabl seguro abordar tema comunicacion procesos sincronizacion tolerancia fallo seguridad sistema distribuido proporcionar comprension integral desafios solucion campo
45 Proyecto Integrador CMP,proyecto final programa computacion estudiantes aplicar conocimiento desarrollo sistema completo resolver problema real empresarial integrar diverso area campo estudiant trabajar equipo planificar disenar implementar evaluar proyecto desarrollar habilidad gestion proyecto trabajo equipo comunicacion efectivo proyecto culminar presentacion formal demostracion sistema desarrollado
46 Matematica Empresarial +Ej,curso abarcar tema matematica aplicado ambito empresarial algebra funcion analisis financiero incluir ejercicio practico reforzar concepto teorico estudiante aprenderar utilizar herramienta matematica resolver problema financiero empresarial desarrollar habilidad analitica tomar decision
47 Conceptos y Tecnicas 1,curso introducir estudiante concepto fundamental tecnica cocín incluir habilidad basica preparacion alimento uso herramienta culinario enfocar seguridad alimentario higiene cocín correcta manipulacion ingrediente estudiant practicar tecnica corte coccion presentacion plato basico
48 Principios de Administracion,curso introductorio cubrir principio esencial administracion incluir planificacion organizacion liderazgo control entorno empresarial estudiante aprenderar tomar decision estrategica gestion recursos humanos implementacion politicas organizacional incluir estudio caso ejercicio practico aplicar concepto aprendido
49 Panaderia,estudiante aprender principio basico panaderio incluir preparacion diferente tipo pan masa fermentada tecnica horneado abordar tema seleccion ingrediente proceso fermentacion decoracion producto panaderio curso incluir sesion practica estudiant elaborar variedad pan producto horneado
4 Química General 1 +Lab Ej,curso cubrir principio basico quimico estructura atomico enlace quimico reaccion incluir experimento laboratorio reforzar concepto desarrollar habilidad experimental proporcionar base solida quimica
50 Nutricion Humana +Lab,curso explorar fundamento nutricion humano componente practico laboratorio analisis dieta evaluacion necesidad nutricional estudiante aprenderar nutrient esencial digestion metabolismo asi planificacion dieta equilibrado laboratorio permitir estudiante realizar analisis alimento evaluar nutricional diferente poblacion
51 Introduccion a la Hospitalidad,estudiante familiarizar principio fundamental industria hospitalidad incluir servicio cliente gestion hotelero tendencia actual sector abordar tema historio hospitalidad importancio calidad servicio habilidad necesario tener exito campo curso tambien incluir estudio caso visita establecimiento hospitalidad proporcionar comprension practicar industria
52 Contabilidad Empresarial,curso cubrir principio basico contabilidad financiero aplicado empresa incluir registro transaccion balance cuenta preparacion informe financiero estudiante aprenderar interpretar financiero realizar analisi financiero comprender importancia contabilidad tomar decision empresarial incluir ejercicio practico estudio caso aplicar concepto aprendido
53 Conceptos y Tecnicas 2 +PRA,continuacion concepto tecnica curso avanzar habilidad culinario enfoque practicar intensivo preparar plato mas complejo estudiante aprenderar tecnica avanzado cocina presentacion plato gestion tiempo cocín curso incluir sesion practica estudiant aplicar aprendido situacion cocina real mejorar habilidad culinario capacidad trabajar bajo presion
54 Practica Culinaria 1,estudiante aplicar tecnica culinario basica entorno practico aprender trabajar equipo gestionar operacion cocín curso enfocar preparacion menus organizacion cocina implementacion practica higiene seguridad estudiantes tambien desarrollar habilidad gestion inventario control costo preparar plato bajo supervision chef experimentado
55 Administracion de A & B,curso ensén principio administracion alimento bebida establecimiento hospitalidad cubrir gestion inventario costo control calidad estudiant aprenderar planificar menu negociar proveedor gestionar personal servicio incluir estudio caso proyecto practico aplicar concepto aprendido situacion real mejorar eficiencia calidad servicio establecimiento alimento bebida
56 Carniceria,estudiar tecnica corte carne manejo diferente tipo carne metodos preparacion cocina profesional estudiante aprenderar seleccionar cortar preparar carne manera eficiente seguro utilizar herramienta especializado curso tambien abordar conservacion almacenamiento adecuado producto carnico
57 Alta Cocina Ecuatoriana,estudiante aprender preparar plato tradicional ecuatoriano enfoque tecnica alto cocina presentacion moderno explorar ingrediente autoctono aplicar tecnica culinario avanzado realzar sabor presentacion plato curso incluir demostracion practica creacion menus degustacion
58 Introduccion a la Biología +Ej,curso proporcionar introduccion principio fundamental biologia estudiantes explorar tema estructura funcion celula genetica evolucion ecologia diversidad organismo vivo adema curso incluir ejercicio practico experimento laboratorio reforzar concepto teorico desarrollar habilidad cientifica basica
59 Introduccion al Marketing HSP,introduccion marketing industria hospitalidad cubrir concepto segmentacion mercado estrategia precio promocion servicio estudiant desarrollar habilidad crear ejecutar plan marketing efectivo utilizar estudio caso proyecto practico aplicar concepto aprendido situacion real
5 Cosmos,curso estudiar universo formacion estrellas galaxias teorias explicar origen incluir exploracion fenomeno astronomico analisis critico teoria cosmologica actual invitar reflexionar lugar cosmo
60 Coloquios Gastr,espacio reflexion discusion academica presentar tema actual campo hospitalidad gastronomia promover participacion activo estudiante tendran oportunidad interactuar experto industriar compartir idea debatir tendencia desafio actual enriquecer comprension campo
61 Alta Cocina Francesa,estudiante aprender tecnica receta tradicional cocina francés preparacion salsa elaboracion plato emblematico curso incluir demostracion practica sesion cocina estudiantes aplicar tecnica clasica crear plato sofisticado enfatizar precision atencion detalle presentacion plato
62 Pasteleria,curso ensén fundamento pastelerio incluir preparacion tarta galleta producto reposterio fino estudiante aprenderar tecnica horneado decoracion presentacion postres asi seleccion manejo adecuado ingrediente crear producto alto calidad
63 Servicio y Protocolo,estudiar principio servicio cliente industrio hospitalidad incluir norma protocolo etiqueto servicio alimento bebida estudiant desarrollar habilidad atencion cliente organizacion eventos gestion situacion servicio asegurar experiencia excepcional cliente
64 Practica Culinaria 2,curso practico permitir estudiante desarrollar habilidad avanzado cocina gestionar equipo preparar plato sofisticado entorno profesional estudiante trabajar planificacion menus ejecucion tecnica culinario avanzado gestion cocina bajo presion mejorar capacidad liderar colaborar equipo culinario
65 Alta Cocina Mundial,recorrido principal tradicion culinario mundo estudiant aprender preparar plato alto cocina diverso cultura curso incluir exploracion ingrediente exotico tecnica cocina internacional creacion menus tematico proporcionar comprension profundo diversidad culinario global
66 Reposteria y Chocolateria,curso cubrir tecnica avanzado reposteria chocolaterio creacion postre complejo manipulacion chocolate producto gourmet estudiant aprenderar trabajar diferente tipo chocolate crear decoracion elaborado desarrollar habilidad presentacion postre alto calidad
67 Innovacion Culinaria,curso explorar tecnica innovadora contemporanea cocín permitir estudiante desarrollar nuevo enfoque concepto creativo hacer hincapie experimentacion ingrediente textura sabor proponer plato original estudiante tambien aprender utilizar herramienta tecnologica innovacion culinario finalmente fomentar creacion menus vanguardista adaptabl tendencia global
68 Enologia y Cocteleria,curso centrar estudio profundo vino produccion correcta cata maridaje distinto alimento adema incluir introduccion cocteleria estudiant aprender tecnica clasica moderno preparacion cocteles prestar especial atencion historia evolucion bebida espirituosa alumno desarrollar habilidad practica mezcla presentacion coctel autor
69 Administracion de Eventos,curso proporcionar vision integral planificacion gestion eventos industria hospitalidad estudiante estudiar organizacion logistico manejo presupuesto recurso humano abordar tecnica promocion marketing evento exitoso considerar satisfaccion cliente tambien incluir estudio caso evento internacional gran escala analizar dinamica gestion
6 Inglés Nivel 1,curso introducir estudiante concepto fundamental ingl enfocar él habilidad basica comunicacion cubrir aspecto gramatica vocabulario comprension oral actividad practica mejorar capacidad leer escribir ingl
70 Gerencia Financiera HSP,curso abordar aspecto financiero fundamental gestion hospitalidad estudiante aprender desarrollar analizar presupuesto controlar costo realizar proyeccion financiero negocio sector tambien cubrir administracion ingreso tomar decision basado dato financiero largo curso alumno aplicar herramienta software optimizar rentabilidad contexto real
71 Identidad Culinaria,curso examinar gastronomia reflejar identidad cultural diverso region enfoque analisis tradicion culinario estudiante investigar impacto globalizacion gastronomia local tendencia actual afectar patrimonio culinario traves investigacion trabajo campo desarrollar proyecto preservar reinventar plato tradicional adema discutir tema relacionado sostenibilidad culturo alimentario
72 Fundamentos de la Educacion,asignatura ofrecer introduccion integral principio basico educacion estudiantes explorar fundamento historico filosofico social sistema educativo analizar teoria pedagogica clave discutira influido practica educativo moderno adema examinar desafio actual educacion papel docente sociedad
73 Teorias del Aprendizaje,curso cubrir principal teoria aprendizaje perspectiva psicologico educativo estudiantes estudiar teoria conductismo cognitivismo constructivismo analizar influir ensenanza aprendizaje discutira aplicacion teoria aula diferente enfoque poder adaptar él necesidad diverso alumno curso fomentar comprension criticar aprender
74 Desarrollo  Niño y Adolescente,asignatura explorar etapa clave desarrollo fisico cognitivo emocional social nino adolescente estudiant aprenderar identificar hito importante desarrollo comprenderar factor influir crecimiento joven adema abordar desafio común enfrentar etapa incluir adaptacion escolar identidad personal relacion par tambien discutiran estrategia educativo apoyar desarrollo saludable
75 Planificacion y Evaluacion 1,curso estudiant aprenderar planificar leccion evaluar rendimiento academico estudiante manerar efectivo revisar diferente metodologia ensenanza evaluacion destacar importancia planificacion detallado alcanzar objetivo aprendizaje adema introduciro uso herramienta evaluacion formativo sumativo estudiante desarrollar habilidad crear plan clase promover aprendizaje efectivo
76 Estadistica para CCSS,curso proporcionar base estadistico aplicado ciencia social estudiante aprenderar concepto clave recoleccion dato analisis estadistico interpretacion resultado enfoque estara aplicacion practicar tecnica estadistica resolver problema real ciencia social abordar tema regresion correlacion prueba hipotesis utilizar software especializado realizar analisis
77 Neurociencia y Educacion,asignatura explorar conexion cerebro aprendizaje introducir estudiante fundamento neurociencio aplicado educacion estudiar proceso cerebral influir adquisicion conocimiento memoria comportamiento ademas discutiran tema plasticidad cerebral impacto educacion asi estrategia basado neurociencia mejorar aprendizaje ensenanzo
78 Planificacion y Evaluacion 2,asignatura continuacion curso planificacion evaluacion estudiant profundizar creacion plan clase detallado uso diverso tecnica evaluacion hara enfasis retroalimentacion ajuste plan ensenanza funcion resultado evaluacion tambien revisar estrategia integrar evaluacion formativo sumativo proceso ensenanzo
79 Coloquios EDU,curso ofrecer espacio discusion reflexion criticar tema actualidad ambito educacion estudiantes participar debate presentacion analisi caso fin desarrollar habilidad comunicacion pensamiento critico coloquio permitirar estudiante explorar diverso punto visto proponer solucion innovadora problema educativo contemporaneo
7 Inglés Nivel 2,continuacion curso nivel curso profundizar estructura gramatical mas complejo expandir vocabulario introducir lectura mas avanzado practicar conversacion mejorar fluidez comprension
80 Ensenanza de Lenguaje,curso abordar metodologia estrategia ensenanzo lenguaje alfabetizacion explorar diverso teoria desarrollo lenguaje analizar metodo practico mejorar comprension lector expresion escrito estudiante aprenderar adaptar ensenanza diferente nivel contexto objetivo desarrollar competencia comunicativo alumno
81 Practica 1,primero practicar campo educativo permitir estudiante aplicar conocimiento teorico adquirido entorno real experiencia supervisado estudiante participar actividad ensenanzo apoyo dentro aula bajo orientacion docente experimentado practica proporcionar introduccion dinamica trabajo docente ayudar desarrollar competencia profesional
82 Metodologias de Ensenanza,curso ofrecer analisis detallado diferente metodologia ensenanzo utilizado educacion moderno estudiante explorar enfoque tradicional contemporaneo ensenanzo directo aprendizaje basado problema instruccion diferenciado largo curso analizar caso practico promovero creacion estrategia ensenanzo adaptado diverso necesidad educativo
83 Ensenanza de Matematicas,curso enfocar metodologia ensenanzo efectivo matematica estudiante aprenderar disenar leccion promover pensamiento logico critico utilizar ejemplo practico tecnica pedagogica innovadora tambien explorar enfoque diferenciado ensenanza concepto matematico adaptado diverso nivel aprendizaje
84 Ensenanza de Ciencias Sociales,curso abordar estrategia ensenanzo ciencias social aula estudiante aprenderar integrar historia geografia economia campo leccion dinamica hacer enfasis desarrollo pensamiento critico capacidad alumno relacionar contenido problema tema social contemporaneo explorar caso estudio actividad interactivo
85 Arte y Educacion,curso explorar interseccion artes visuales educacion estudiantes aprenderar utilizar art fomentar creatividad pensamiento critico aula abordar diverso tecnica artistica poder integrar él diferente materia enriquecer proceso aprendizaje tambien discutirar papel arte desarrollo integral alumno
86 Bilingualism,curso examinar fundamento bilinguismo implicaciones educacion explorar teoria desarrollo bilingue estrategia apoyar estudiante aprendizaje dos mas lengua estudiant aprenderar disenar plan ensenanza promover bilinguismo manera efectivo considerar contexto cultural linguistico alumno
87 Practica 2,segundo practica profesional brindar estudiante oportunidad aplicar conocimiento entorno educativo real bajo supervision docente estudiante asumirar mayor responsabilidad aula participar activamente planificacion ejecucion leccion esperar estudiante desarrollar habilidad pedagogica avanzado reflexionar practica docente
88 Ensenanza de Ciencias,curso explorar metodologia ensenar ciencia diverso nivel educativo estudiant aprenderar disenar experiencia aprendizaje fomentar indagacion cientifica pensamiento critico integrar actividad practica experimental adema aplicacion teoria educativo facilitar ensenanza ciencia
89 Ensenanza Integrada de CITIAM,curso ofrecer vision holistico ensenanza integrado ciencia tecnologia ingenieria artes matematica citiam estudiante aprenderar conectar concepto distinto disciplina desarrollar plan leccion promover aprendizaje interdisciplinario hacer enfasis creatividad resolucion problema innovacion
8 Programacion en C++ +Ej,curso cubrir fundamento programacion c incluir concepto estructura control funcion arreglo puntero reforzar aprendizaje trav ejercicio practico implementar programa basico c
90 Practica 3,tercero practica profesional estudiant asumirar rol mas activo gestion aula aplicar conocimiento entorno educativo bajo supervision esperar estudiante implementar proyecto educativo mas complejo reforzar habilidad pedagogica mientras reflexionar criticamente desempeno ensenanzo
91 Inclusion y Diversidad,curso analizar principio educacion inclusivo garantizar participacion estudiantes independientemente diferencia fisica cognitiva cultural linguistica estudiant aprenderar disenar entorno aprendizaje promover equidad diversidad enfoque pedagogico respetar particularidad cada alumno
92 Proyecto Integrador EDU,proyecto integrador representar culminacion programa educativo estudiante trabajar proyecto practico combinar conocimiento adquirido largo formacion esperar proyecto abordar problema educativo real proponer solucion innovadora reflejar competencia desarrollado area pedagogia gestion educativo
93 Practica 4,cuarto ultimo practica profesional permitir estudiante aplicar manera integral habilidad pedagogica entorno real experiencia esperar estudiante gestionar manera autonoma aula disenar implementar plan educativo completo practicar fundamental preparar él ejercicio profesional docente
94 Zoología +Lab,curso abordar estudio animal manera cientifica criticar sistematico actualizado aplicado varios carrera revisar varios grupo animal seguir proceso evolutivo paso especializacion desarrollo rol eco sistemico relacion humano estudiar taxonomio filogenia anatomia fisiologia basico ecologia comportamiento reproduccion incluir practica laboratorio salido campo
95 Fisiología +Lab,curso analizar manera ser vivo responder ajustar fisiologicamente condicion impuesto ambiente fisico rodear analisis realizar tiempo ecologico actual cuanto evolutivo bajo hipotesis subyacente respuesta constituir respuesta adaptativa resultado accion seleccion natural curso centrar fisiologia ecologico ser vivo enfasis curso fundamentalmente nivel organismo individual aunque cierto aspecto ie energetico analizar tambien nivel poblacion ecosistema enfocarer problema ecologico demandar respuesta fisiologico organismo usado ejemplo modelo podriar considerar él gremio ecologico grupo taxonomico
96 Evolucion,curso evolucion ofrecer comprension profundo mecanismo proceso dado forma diversidad vida tierra estudiante explorar tema teoria evolucion seleccion natural genetico poblacion especiacion coevolucion analizar evidencia fosil molecular respaldar teoria evolutiva asi patron evolucion diferente linaj adema curso incluir estudio caso ejemplo actual evolucion accion proporcionar perspectiva moderno aplicado estudiante participar actividad practica proyecto investigacion permitirar aplicar concepto aprendido desarrollar habilidad analisi dato evolutivo curso fundamental aquel interesado biologia ecologia genetica ciencias vida proporcionar base solido estudio avanzado carrera area
97 Principios de Marketing,curso introducir estudiante concepto clave marketing incluir estrategia promocion investigacion mercado comportamiento consumidor enfocar empresa crear valor client
98 Estadistica Empresarial +Lab,curso ensén tecnica estadistica aplicado tomir decision empresarial incluir laboratorio estudiant utilizar software estadistico analizar dato real tomar decision informado
99 Gerencia de Costos,curso enfocar identificacion asignacion control costo organizacion proporcionar estudiante herramienta tomar decision basado analisis costo
9 Cálculo Integral + Ej,curso continuo tema calculo diferencial introducir tecnica integracion teorema fundamental aplicacion integral incluir ejercicio practico aplicar concepto problema real
